timestamp,action_state,state_instance,imu_roll,imu_pitch,imu_yaw,encoder_left,encoder_right,power_in_voltage,power_in_current,power_out_voltage,power_out_current,ldr_left,ldr_right,temperature,humidity,pressure,bumper_top,bumper_bottom,bumper_left,bumper_right,motion,Solar_In
12.7758,idle,0,-0.09,-7.25,0.0,0,0,13.21,-0.0,13.2,0.07,1,6,24.1,55.3,1010.2,0,0,0,0,stop,0.0
12.7758,idle,1,-0.09,-7.28,0.0,0,0,13.21,-0.0,13.2,0.07,0,7,24.1,55.3,1010.2,0,0,0,0,stop,0.0
12.7759,idle,0,-0.22,-7.14,0.0,0,0,13.21,-0.0,13.2,0.07,2,8,24.1,55.3,1010.2,0,0,0,0,stop,0.0
12.7759,idle,0,0.02,-7.18,0.0,0,0,13.21,-0.0,13.2,0.08,0,5,24.1,55.3,1010.2,0,0,0,0,stop,0.0
12.7759,idle,0,-0.28,-7.29,0.0,0,0,13.21,-0.0,13.21,0.07,2,5,24.1,55.3,1010.2,0,0,0,0,stop,0.0
12.7759,idle,0,-0.11,-7.33,0.0,0,0,13.21,-0.0,13.2,0.07,2,6,24.1,55.3,1010.2,0,0,0,0,stop,0.0
12.776,idle,0,-0.02,-7.09,0.0,0,0,13.21,-0.0,13.2,0.07,2,8,24.1,55.3,1010.2,0,0,0,0,stop,0.0
12.776,idle,0,-0.16,-7.23,0.0,0,0,13.21,-0.0,13.21,0.07,1,6,24.1,55.3,1010.2,0,0,0,0,stop,0.0
12.7761,idle,0,-0.13,-7.36,0.0,0,0,13.21,-0.0,13.21,0.07,1,5,24.1,55.3,1010.2,0,0,0,0,stop,0.0
12.7761,idle,0,-0.09,-7.22,0.0,0,0,13.21,-0.0,13.21,0.07,1,6,24.1,55.3,1010.2,0,0,0,0,stop,0.0
12.7761,idle,0,-0.17,-7.15,0.0,0,0,13.21,-0.0,13.21,0.07,1,4,24.1,55.3,1010.2,0,0,0,0,stop,0.0
12.7761,idle,0,-0.17,-7.28,0.0,0,0,13.21,-0.0,13.2,0.08,0,5,24.1,55.3,1010.2,0,0,0,0,stop,0.0
12.7762,idle,0,-0.13,-7.32,0.0,0,0,13.21,-0.0,13.2,0.08,1,6,24.1,55.3,1010.2,0,0,0,0,stop,0.0
12.7762,idle,0,-0.25,-7.25,0.0,0,0,13.21,-0.0,13.2,0.07,2,6,24.1,55.3,1010.2,0,0,0,0,stop,0.0
12.7762,idle,0,-0.24,-7.33,0.0,0,0,13.21,-0.0,13.21,0.08,2,7,24.1,55.3,1010.2,0,0,0,0,stop,0.0
12.7762,idle,0,-0.09,-7.34,0.0,0,0,13.21,-0.0,13.2,0.08,2,6,24.1,55.3,1010.2,0,0,0,0,stop,0.0
12.7763,idle,0,-0.17,-7.08,0.0,0,0,13.21,-0.0,13.21,0.08,1,6,24.1,55.3,1010.2,0,0,0,0,stop,0.0
12.7763,idle,0,-0.03,-7.26,0.0,0,0,13.21,-0.0,13.2,0.08,2,5,24.1,55.3,1010.2,0,0,0,0,stop,0.0
12.7763,idle,0,-0.09,-7.28,0.0,0,0,13.21,-0.0,13.2,0.08,3,6,24.1,55.3,1010.2,0,0,0,0,stop,0.0
12.7763,idle,0,-0.14,-7.25,0.0,0,0,13.21,-0.0,13.2,0.07,1,5,24.1,55.3,1010.2,0,0,0,0,stop,0.0
12.7764,idle,0,-0.25,-7.34,0.0,0,0,13.21,-0.0,13.21,0.07,2,5,24.1,55.3,1010.2,0,0,0,0,stop,0.0
12.7764,idle,0,-0.16,-7.18,0.0,0,0,13.21,-0.0,13.2,0.08,2,4,24.1,55.3,1010.2,0,0,0,0,stop,0.0
12.7764,idle,0,-0.11,-7.24,0.0,0,0,13.21,-0.0,13.2,0.08,2,5,24.1,55.3,1010.2,0,0,0,0,stop,0.0
12.7764,idle,0,-0.11,-7.25,0.0,0,0,13.21,-0.0,13.2,0.08,2,6,24.1,55.3,1010.2,0,0,0,0,stop,0.0
12.7765,idle,0,-0.24,-7.21,0.0,0,0,13.21,-0.0,13.21,0.07,3,7,24.1,55.3,1010.2,0,0,0,0,stop,0.0
12.7765,idle,0,-0.2,-7.29,0.0,0,0,13.21,-0.0,13.2,0.07,2,8,24.1,55.3,1010.2,0,0,0,0,stop,0.0
12.7765,idle,0,-0.03,-7.19,0.0,0,0,13.21,-0.0,13.2,0.08,2,5,24.1,55.3,1010.2,0,0,0,0,stop,0.0
12.7766,idle,0,-0.11,-7.2,0.0,0,0,13.21,-0.0,13.21,0.07,4,5,24.1,55.3,1010.2,0,0,0,0,stop,0.0
12.7766,idle,0,-0.16,-7.25,0.0,0,0,13.21,-0.0,13.2,0.07,2,6,24.1,55.3,1010.2,0,0,0,0,stop,0.0
12.7766,idle,0,-0.05,-7.38,0.0,0,0,13.21,-0.0,13.2,0.07,2,5,24.1,55.3,1010.2,0,0,0,0,stop,0.0
12.7766,5,0,-0.14,-7.25,0.0,0,0,13.21,-0.0,13.2,0.07,2,6,24.1,55.3,1010.2,0,0,0,0,stop,0.0
12.7767,5,0,0.14,-7.18,0.08,11,-11,12.71,-0.0,12.98,3.48,2,5,24.1,55.2,1010.2,0,0,0,0,moving,0.0
12.7767,5,0,0.43,-5.18,0.25,198,-200,12.68,-0.0,13.06,0.84,2,5,24.1,55.2,1010.2,0,0,0,0,moving,0.0
12.7767,5,0,0.03,-6.25,0.47,491,-492,13.24,-0.0,12.91,1.67,2,1,24.1,55.2,1010.2,0,0,0,0,moving,0.0
12.7768,5,0,0.0,-7.0,0.68,803,-809,12.86,-0.0,12.91,1.27,2,5,24.1,55.2,1010.2,0,0,0,0,moving,0.0
12.7768,5,0,-0.71,-7.58,0.9,1119,-1133,13.11,-0.0,13.18,0.71,2,6,24.1,55.3,1010.2,0,0,0,0,moving,0.0
12.7768,5,0,-0.5,-4.55,1.02,1436,-1457,13.08,-0.0,12.81,1.82,2,5,24.1,55.3,1010.2,0,0,0,0,moving,0.0
12.7768,5,0,-0.27,-8.27,1.22,1750,-1777,13.24,-0.0,12.79,2.15,2,5,24.1,55.3,1010.2,0,0,0,0,moving,0.0
12.7769,5,0,-0.37,-8.13,1.42,2067,-2100,12.82,-0.0,13.21,0.07,2,5,24.1,55.3,1010.2,0,0,0,0,moving,0.0
12.7769,5,0,0.08,-7.01,1.59,2383,-2424,13.23,-0.0,12.91,1.77,1,4,24.1,55.3,1010.2,0,0,0,0,moving,0.0
12.7769,5,0,-0.44,-7.38,1.75,2700,-2747,12.89,-0.0,13.13,0.44,1,9,24.1,55.3,1010.2,0,0,0,0,moving,0.0
12.7769,5,0,-0.32,-7.06,1.93,3017,-3070,13.08,-0.0,13.02,0.99,2,4,24.1,55.3,1010.2,0,0,0,0,moving,0.0
12.777,5,0,0.34,-8.13,2.12,3331,-3390,12.92,-0.0,13.12,0.95,2,5,24.1,55.3,1010.2,0,0,0,0,moving,0.0
12.777,5,0,0.17,-7.32,2.29,3648,-3714,13.22,-0.0,12.82,1.52,2,5,24.1,55.3,1010.2,0,0,0,0,moving,0.0
12.777,5,0,-0.4,-7.03,2.45,3966,-4037,12.83,-0.0,13.23,0.44,2,6,24.1,55.3,1010.2,0,0,0,0,moving,0.0
12.7771,5,0,-0.46,-7.62,2.67,4280,-4358,12.87,-0.0,13.22,0.12,2,7,24.1,55.3,1010.2,0,0,0,0,moving,0.0
12.7771,5,0,0.58,-7.21,2.85,4597,-4681,13.08,-0.0,12.86,2.09,2,5,24.1,55.3,1010.2,0,0,0,0,moving,0.0
12.7771,5,0,-0.65,-7.76,3.03,4915,-5005,13.08,-0.0,13.17,0.21,2,7,24.1,55.3,1010.2,0,0,0,0,moving,0.0
12.7771,5,0,0.24,-7.54,3.22,5229,-5326,12.87,-0.0,13.01,0.65,1,4,24.1,55.3,1010.2,0,0,0,0,moving,0.0
12.7772,5,0,-0.76,-7.33,3.44,5547,-5649,12.84,-0.0,13.09,1.15,2,6,24.1,55.3,1010.2,0,0,0,0,moving,0.0
12.7772,5,0,-0.49,-4.28,3.64,5864,-5973,13.2,-0.0,12.87,1.41,2,4,24.1,55.3,1010.2,0,0,0,0,moving,0.0
12.7772,5,0,0.08,-7.73,3.79,6179,-6293,12.92,-0.0,13.16,1.8,1,7,24.1,55.3,1010.2,0,0,0,0,moving,0.0
12.7773,5,0,-0.39,-7.98,3.95,6497,-6617,13.06,-0.0,12.79,0.16,2,6,24.1,55.2,1010.2,0,0,0,0,moving,0.0
12.7773,5,0,-0.48,-7.15,4.13,6814,-6940,12.88,-0.0,12.81,2.11,2,5,24.1,55.3,1010.2,0,0,0,0,moving,0.0
12.7773,5,0,0.13,-7.33,4.29,7128,-7260,13.22,-0.0,13.2,0.07,2,5,24.1,55.3,1010.2,0,0,0,0,moving,0.0
12.7773,5,0,-0.7,-7.44,0.0,81,-83,13.21,-0.0,13.2,0.08,2,4,24.1,55.3,1010.2,0,0,0,0,stop,0.0
12.7774,5,0,-0.29,-7.14,0.0,74,-77,13.21,-0.0,13.2,0.08,2,5,24.1,55.3,1010.2,0,0,0,0,stop,0.0
12.7774,5,0,-0.2,-7.75,0.0,63,-65,13.21,-0.0,13.2,0.08,1,4,24.1,55.3,1010.2,0,0,0,0,stop,0.0
12.7774,5,0,-0.29,-7.45,0.0,55,-57,13.21,-0.0,13.2,0.08,3,5,24.1,55.3,1010.2,0,0,0,0,stop,0.0
12.7774,5,0,0.24,-7.36,0.0,48,-51,13.21,-0.0,13.2,0.08,2,5,24.1,55.3,1010.2,0,0,0,0,stop,0.0
12.7775,5,0,0.0,-7.06,0.17,83,-64,12.58,-0.0,12.5,3.8,2,7,24.1,55.3,1010.2,0,0,0,0,moving,0.0
12.7775,5,0,0.47,-7.18,0.33,514,-62,12.75,-0.0,12.7,2.59,2,5,24.1,55.3,1010.2,0,0,0,0,moving,0.0
12.7775,5,0,-0.02,-7.17,0.52,1095,79,13.09,-0.0,13.07,0.83,2,5,24.1,55.4,1010.2,0,0,0,0,moving,0.0
12.7776,5,0,0.13,-7.22,0.75,1709,302,12.99,-0.0,13.11,0.63,2,5,24.1,55.2,1010.2,0,0,0,0,moving,0.0
12.7776,5,0,-0.54,-1.61,0.9,2340,570,13.11,-0.0,13.02,1.01,2,8,24.1,55.3,1010.2,0,0,0,0,moving,0.0
12.7776,5,0,0.37,-8.65,1.12,2876,870,13.83,-0.0,13.71,-0.26,2,5,24.1,55.3,1010.2,0,0,0,0,moving,0.0
12.7776,5,0,-1.18,-7.33,1.3,3225,1195,13.16,-0.0,13.02,0.58,2,5,24.1,55.3,1010.2,0,0,0,0,moving,0.0
12.7777,5,0,0.88,-6.98,1.5,3516,1538,13.08,-0.0,13.06,0.85,0,4,24.1,55.3,1010.2,0,0,0,0,moving,0.0
12.7777,5,0,-0.74,-6.49,0.0,65,87,13.21,-0.0,13.2,0.08,2,5,24.1,55.3,1010.2,0,0,0,0,stop,0.0
12.7777,5,0,-0.32,-7.18,0.0,57,78,13.21,-0.0,13.2,0.08,2,4,24.1,55.3,1010.2,0,0,0,0,stop,0.0
12.7778,5,0,-0.22,-7.6,0.0,50,71,13.21,-0.0,13.2,0.08,1,5,24.1,55.3,1010.2,0,0,0,0,stop,0.0
12.7778,5,0,2.69,-8.53,0.21,35,59,12.77,-0.0,12.75,2.5,2,5,24.1,55.3,1010.2,0,0,0,1,moving,0.0
12.7778,5,0,-0.54,-3.84,0.35,-154,-84,12.16,-0.0,12.07,5.92,2,6,24.1,55.3,1010.2,0,0,0,0,moving,0.0
12.7778,5,0,1.45,-8.08,0.69,-635,-569,12.82,-0.0,12.78,2.26,1,0,24.1,55.3,1010.2,0,0,0,0,moving,0.0
12.7779,5,0,-1.19,-7.25,0.87,-1205,-1165,12.98,-0.0,12.97,1.33,2,5,24.1,55.3,1010.2,0,0,0,0,moving,0.0
12.7779,5,0,0.49,-7.27,1.06,-1806,-1794,13.03,-0.0,13.01,1.05,6,6,24.1,55.3,1010.2,0,0,0,0,moving,0.0
12.7779,5,0,0.21,-7.54,1.26,-2420,-2435,13.07,-0.0,13.04,0.97,1,6,24.1,55.3,1010.2,0,0,0,0,moving,0.0
12.7779,5,0,-2.49,-7.18,1.48,-3033,-3075,13.07,-0.0,13.04,0.92,2,4,24.1,55.3,1010.2,0,0,0,0,moving,0.0
12.778,5,0,1.67,-8.77,1.71,-3652,-3718,13.05,-0.0,13.02,0.96,2,5,24.1,55.2,1010.2,0,0,0,0,moving,0.0
12.778,5,0,-1.74,-5.9,1.9,-4270,-4362,13.06,-0.0,13.04,0.94,3,5,24.1,55.3,1010.2,0,0,0,0,moving,0.0
12.778,5,0,1.25,-6.82,2.1,-4883,-5001,13.06,-0.0,13.04,0.94,2,5,24.1,55.2,1010.2,0,0,0,0,moving,0.0
12.7781,5,0,-0.81,-8.05,2.3,-5502,-5638,13.14,-0.0,13.13,0.72,2,6,24.1,55.3,1010.2,0,0,0,0,moving,0.0
12.7781,5,0,0.62,-6.99,2.49,-6124,-6248,13.18,-0.0,12.98,0.98,1,5,24.1,55.2,1010.2,0,0,0,0,moving,0.0
12.7781,5,0,-0.09,-6.61,2.69,-6740,-6815,13.01,-0.0,12.95,1.33,3,6,24.1,55.3,1010.2,0,0,0,0,moving,0.0
12.7781,5,0,-2.58,-8.57,2.88,-7363,-7348,13.13,-0.0,13.17,0.3,1,8,24.1,55.3,1010.2,0,0,0,0,moving,0.0
12.7782,5,0,2.2,-8.19,3.06,-7984,-7838,13.09,-0.0,12.91,1.48,2,4,24.1,55.3,1010.2,0,0,0,0,moving,0.0
12.7782,idle,1,-1.79,-7.33,3.23,-8598,-8283,13.24,-0.0,13.01,1.1,2,5,24.1,55.3,1010.2,0,0,0,0,moving,0.0
12.7782,idle,0,0.88,-7.57,0.0,-162,-106,13.21,-0.0,13.2,0.08,2,4,24.1,55.3,1010.2,0,0,0,0,stop,0.0
12.7783,idle,0,-0.84,-7.22,0.0,-152,-99,13.21,-0.0,13.2,0.08,3,6,24.1,55.2,1010.2,0,0,0,0,stop,0.0
12.7783,idle,0,-0.34,-7.0,0.0,-133,-86,13.21,-0.0,13.2,0.08,2,7,24.1,55.3,1010.2,0,0,0,0,stop,0.0
12.7783,idle,0,5.75,-7.89,0.0,-121,-76,13.21,-0.0,13.2,0.08,2,5,24.1,55.2,1010.2,0,0,0,0,stop,0.0
12.7783,idle,0,-1.47,-6.68,0.0,-110,-68,13.21,-0.0,13.21,0.08,0,5,24.1,55.3,1010.2,0,0,0,0,stop,0.0
12.7784,idle,0,-0.37,-11.31,0.0,-99,-58,13.21,-0.0,13.2,0.08,0,4,24.1,55.2,1010.2,0,0,0,0,stop,0.0
12.7784,idle,0,2.04,-8.6,0.0,-92,-52,13.21,-0.0,13.2,0.08,1,6,24.1,55.3,1010.2,0,0,0,0,stop,0.0
12.7784,idle,0,-1.01,-8.07,0.0,-83,-44,13.2,-0.0,13.19,0.08,1,4,24.1,55.3,1010.2,0,0,0,0,stop,0.0
12.7784,idle,0,-0.54,-7.3,0.0,-71,-36,13.21,-0.0,13.2,0.08,1,8,24.1,55.2,1010.2,0,0,0,0,stop,0.0
12.7785,idle,0,-0.35,-7.59,0.0,-63,-29,13.21,-0.0,13.2,0.08,2,5,24.1,55.2,1010.2,0,0,0,0,stop,0.0
12.7785,idle,0,-0.06,-7.75,0.0,-55,-22,13.21,-0.0,13.2,0.08,1,5,24.1,55.2,1010.2,0,0,0,0,stop,0.0
12.7785,idle,0,-0.86,-6.62,0.0,-46,-15,13.21,-0.0,13.2,0.08,2,5,24.1,55.3,1010.2,0,0,0,0,stop,0.0
12.7786,idle,0,0.97,-8.23,0.0,-39,-10,13.21,-0.0,13.2,0.08,3,6,24.1,55.3,1010.2,0,0,0,0,stop,0.0
12.7786,idle,0,-0.76,-7.76,0.0,-32,-2,13.21,-0.0,13.2,0.08,2,6,24.1,55.3,1010.2,0,0,0,0,stop,0.0
12.7786,idle,0,0.59,-7.32,0.0,-23,0,13.21,-0.0,13.21,0.08,2,5,24.1,55.3,1010.2,0,0,0,0,stop,0.0
12.7786,idle,0,0.13,-8.1,0.0,-16,0,13.21,-0.0,13.2,0.08,2,6,24.1,55.3,1010.2,0,0,0,0,stop,0.0
12.7787,idle,0,0.36,-8.04,0.0,-9,0,13.21,-0.0,13.21,0.08,1,5,24.1,55.3,1010.2,0,0,0,0,stop,0.0
12.7787,idle,0,-0.4,-7.44,0.0,-3,0,13.21,-0.0,13.2,0.07,0,5,24.1,55.3,1010.2,0,0,0,0,stop,0.0
12.7787,idle,0,0.0,-7.15,0.0,0,0,13.21,-0.0,13.21,0.08,1,5,24.1,55.3,1010.2,0,0,0,0,stop,0.0
12.7788,idle,0,-0.62,-7.17,0.0,0,0,13.21,-0.0,13.2,0.08,1,5,24.1,55.2,1010.2,0,0,0,0,stop,0.0
12.7788,idle,0,0.08,-7.54,0.0,0,0,13.21,-0.0,13.2,0.08,1,7,24.1,55.2,1010.2,0,0,0,0,stop,0.0
12.7788,idle,0,0.18,-8.74,0.0,0,0,13.21,-0.0,13.21,0.08,0,6,24.1,55.2,1010.2,0,0,0,0,stop,0.0
12.7788,idle,0,-0.49,-8.24,0.0,0,0,13.21,-0.0,13.2,0.08,1,5,24.1,55.2,1010.2,0,0,0,0,stop,0.0
12.7789,idle,0,-0.03,-7.75,0.0,0,0,13.21,-0.0,13.2,0.08,1,5,24.1,55.2,1010.2,0,0,0,0,stop,0.0
12.7789,idle,0,-0.05,-7.21,0.0,0,0,13.21,-0.0,13.2,0.08,1,5,24.1,55.2,1010.2,0,0,0,0,stop,0.0
12.7789,idle,0,-0.41,-7.45,0.0,0,0,13.21,-0.0,13.2,0.08,0,8,24.1,55.3,1010.2,0,0,0,0,stop,0.0
12.7789,idle,0,-0.19,-7.6,0.0,0,0,13.21,-0.0,13.2,0.08,1,6,24.1,55.2,1010.2,0,0,0,0,stop,0.0
12.779,3,0,0.06,-6.77,0.17,16,6,12.72,-0.0,12.53,3.3,2,7,24.1,55.3,1010.2,0,0,0,0,moving,0.0
12.779,3,0,-0.56,-6.26,0.3,336,127,12.78,-0.0,12.81,3.49,2,5,24.1,55.2,1010.2,0,0,0,0,moving,0.0
12.779,3,0,-3.69,-9.29,0.5,886,363,12.87,-0.0,13.02,1.02,2,6,24.1,55.3,1010.2,0,0,0,0,moving,0.0
12.7791,3,0,2.01,-8.16,0.53,1494,665,13.13,-0.0,12.98,1.17,1,6,24.1,55.2,1010.2,0,0,0,0,moving,0.0
12.7791,3,0,-0.14,-5.54,0.51,2089,995,13.19,-0.0,13.16,0.43,2,6,24.1,55.3,1010.2,0,0,0,0,moving,0.0
12.7791,3,0,-0.69,-6.95,0.66,2588,1344,13.2,-0.0,13.02,-0.09,2,5,24.1,55.2,1010.2,0,0,0,0,moving,0.0
12.7791,3,0,0.59,-8.37,0.83,2923,1709,13.13,-0.0,13.09,0.76,1,5,24.1,55.3,1010.2,0,0,0,0,moving,0.0
12.7792,3,0,-1.13,-6.73,1.02,3202,2083,13.18,-0.0,13.11,0.45,2,6,24.1,55.3,1010.2,0,0,0,0,moving,0.0
12.7792,3,0,0.52,-6.97,1.22,3403,2463,13.15,-0.0,13.17,0.54,2,6,24.1,55.2,1010.2,0,0,0,0,moving,0.0
12.7792,3,0,-0.74,-7.65,0.0,46,104,13.2,-0.0,13.21,0.08,0,5,24.1,55.2,1010.2,0,0,0,0,stop,0.0
12.7793,3,0,0.52,-7.37,0.0,36,91,13.21,-0.0,13.21,0.08,3,6,24.1,55.3,1010.2,0,0,0,0,stop,0.0
12.7793,3,0,0.0,-6.99,0.0,31,84,13.21,-0.0,13.21,0.08,1,7,24.1,55.2,1010.2,0,0,0,0,stop,0.0
12.7793,3,0,0.22,-6.81,0.0,23,75,13.21,-0.0,13.2,0.08,3,5,24.1,55.2,1010.2,0,0,0,0,stop,0.0
12.7793,3,0,-0.48,-7.5,0.0,17,66,13.21,-0.0,13.21,0.08,2,3,24.1,55.2,1010.2,0,0,0,0,stop,0.0
12.7794,3,0,0.17,-7.85,0.0,10,59,13.21,-0.0,13.2,0.08,2,5,24.1,55.2,1010.2,0,0,0,0,stop,0.0
12.7794,3,0,-0.06,-7.54,0.0,4,49,13.21,-0.0,13.2,0.08,2,5,24.1,55.3,1010.2,0,0,0,0,stop,0.0
12.7794,3,0,0.02,-7.53,0.0,0,41,13.21,-0.0,13.21,0.08,2,5,24.1,55.2,1010.2,0,0,0,0,stop,0.0
12.7794,3,0,-0.25,-7.21,0.0,0,35,13.21,-0.0,13.2,0.08,1,4,24.1,55.3,1010.2,0,0,0,0,stop,0.0
12.7795,3,0,-0.24,-6.94,0.0,0,27,13.21,-0.0,13.21,0.08,2,5,24.1,55.2,1010.2,0,0,0,0,stop,0.0
12.7795,3,0,0.06,-7.31,0.0,0,20,13.21,-0.0,13.21,0.08,2,6,24.1,55.3,1010.2,0,0,0,0,stop,0.0
12.7795,3,0,-0.16,-7.49,0.0,0,13,13.21,-0.0,13.2,0.08,2,5,24.1,55.3,1010.2,0,0,0,0,stop,0.0
12.7796,3,0,0.09,-7.4,0.0,0,6,13.21,-0.0,13.2,0.08,2,5,24.1,55.3,1010.2,0,0,0,0,stop,0.0
12.7796,3,0,-0.44,-7.19,0.0,0,2,13.21,-0.0,13.2,0.08,2,6,24.1,55.2,1010.2,0,0,0,0,stop,0.0
12.7796,3,0,0.22,-7.1,0.0,0,0,13.21,-0.0,13.2,0.08,1,4,24.1,55.2,1010.2,0,0,0,0,stop,0.0
12.7796,3,0,-0.14,-7.32,0.0,0,0,13.21,-0.0,13.2,0.08,2,5,24.1,55.3,1010.2,0,0,0,0,stop,0.0
12.7797,3,0,0.03,-7.24,0.0,0,0,13.21,-0.0,13.2,0.08,1,4,24.1,55.3,1010.1,0,0,0,0,stop,0.0
12.7797,idle,0,-0.03,-7.23,0.0,0,0,13.21,-0.0,13.2,0.08,1,5,24.1,55.3,1010.2,0,0,0,0,stop,0.0
12.7797,idle,1,-0.09,-7.37,0.0,0,0,13.21,-0.0,13.2,0.08,2,7,24.1,55.2,1010.2,0,0,0,0,stop,0.0
12.7798,idle,0,-0.02,-7.56,0.0,0,0,13.21,-0.0,13.2,0.08,1,5,24.1,55.3,1010.2,0,0,0,0,stop,0.0
12.7798,idle,0,-0.11,-7.18,0.0,0,0,13.21,-0.0,13.21,0.08,1,8,24.1,55.3,1010.2,0,0,0,0,stop,0.0
12.7798,idle,0,0.08,-7.24,0.0,0,0,13.21,-0.0,13.2,0.08,2,6,24.1,55.2,1010.2,0,0,0,0,stop,0.0
12.7798,idle,0,0.11,-7.31,0.0,0,0,13.21,-0.0,13.2,0.08,1,4,24.1,55.2,1010.2,0,0,0,0,stop,0.0
12.7799,idle,0,-0.11,-6.98,0.0,0,0,13.21,-0.0,13.2,0.08,2,6,24.1,55.3,1010.2,0,0,0,0,stop,0.0
12.7799,idle,0,-0.06,-7.52,0.0,0,0,13.21,-0.0,13.21,0.08,0,4,24.1,55.3,1010.2,0,0,0,0,stop,0.0
12.7799,idle,0,-0.02,-7.48,0.0,0,0,13.21,-0.0,13.2,0.08,1,6,24.1,55.3,1010.2,0,0,0,0,stop,0.0
12.78,idle,0,-0.4,-7.3,0.0,0,0,13.21,-0.0,13.2,0.08,1,5,24.1,55.2,1010.2,0,0,0,0,stop,0.0
12.78,idle,0,-0.08,-7.27,0.0,0,0,13.21,-0.0,13.21,0.08,1,7,24.1,55.3,1010.2,0,0,0,0,stop,0.0
12.78,idle,0,-0.17,-7.04,0.0,0,0,13.21,-0.0,13.21,0.08,1,6,24.1,55.2,1010.2,0,0,0,0,stop,0.0
12.78,idle,0,-0.28,-7.33,0.0,0,0,13.21,-0.0,13.2,0.08,2,8,24.1,55.3,1010.2,0,0,0,0,stop,0.0
12.7801,idle,0,-0.03,-7.23,0.0,0,0,13.21,-0.0,13.2,0.08,1,5,24.1,55.3,1010.2,0,0,0,0,stop,0.0
12.7801,idle,0,-0.17,-7.21,0.0,0,0,13.21,-0.0,13.2,0.08,1,6,24.1,55.3,1010.2,0,0,0,0,stop,0.0
12.7801,idle,0,-0.09,-7.39,0.0,0,0,13.21,-0.0,13.21,0.08,2,7,24.1,55.3,1010.2,0,0,0,0,stop,0.0
12.7801,idle,0,-0.16,-7.32,0.0,0,0,13.21,-0.0,13.2,0.08,1,6,24.1,55.3,1010.2,0,0,0,0,stop,0.0
12.7802,idle,0,-0.05,-7.18,0.0,0,0,13.21,-0.0,13.2,0.08,2,6,24.1,55.3,1010.2,0,0,0,0,stop,0.0
12.7802,idle,0,-0.19,-7.25,0.0,0,0,13.21,-0.0,13.2,0.08,2,6,24.1,55.3,1010.2,0,0,0,0,stop,0.0
12.7802,idle,0,-0.08,-7.21,0.0,0,0,13.21,-0.0,13.2,0.08,1,2,24.1,55.3,1010.2,0,0,0,0,stop,0.0
12.7802,idle,0,-0.16,-7.12,0.0,0,0,13.21,-0.0,13.21,0.08,1,6,24.1,55.2,1010.2,0,0,0,0,stop,0.0
12.7803,idle,0,-0.08,-7.19,0.0,0,0,13.21,-0.0,13.2,0.08,1,2,24.1,55.3,1010.2,0,0,0,0,stop,0.0
12.7803,idle,0,-0.13,-7.36,0.0,0,0,13.21,-0.0,13.2,0.08,1,6,24.1,55.3,1010.2,0,0,0,0,stop,0.0
12.7803,idle,0,-0.09,-7.2,0.0,0,0,13.21,-0.0,13.2,0.08,0,6,24.1,55.3,1010.2,0,0,0,0,stop,0.0
12.7804,idle,0,-0.14,-7.4,0.0,0,0,13.21,-0.0,13.21,0.08,1,1,24.1,55.3,1010.2,0,0,0,0,stop,0.0
12.7804,idle,0,-0.11,-7.37,0.0,0,0,13.21,-0.0,13.21,0.08,0,3,24.1,55.3,1010.2,0,0,0,0,stop,0.0
12.7804,idle,0,-0.16,-7.09,0.0,0,0,13.21,-0.0,13.2,0.08,1,6,24.1,55.3,1010.2,0,0,0,0,stop,0.0
12.7805,idle,0,-0.13,-7.15,0.0,0,0,13.21,-0.0,13.2,0.08,0,5,24.1,55.3,1010.2,0,0,0,0,stop,0.0
12.7805,idle,0,-0.03,-7.4,0.0,0,0,13.21,-0.0,13.21,0.08,2,5,24.1,55.3,1010.2,0,0,0,0,stop,0.0
12.7805,idle,0,-0.11,-7.25,0.0,0,0,13.21,-0.0,13.21,0.08,1,8,24.1,55.3,1010.2,0,0,0,0,stop,0.0
12.7805,idle,0,-0.14,-7.27,0.0,0,0,13.21,-0.0,13.21,0.08,0,6,24.1,55.3,1010.2,0,0,0,0,stop,0.0
12.7806,idle,0,-0.11,-7.23,0.0,0,0,13.21,-0.0,13.21,0.08,2,5,24.1,55.3,1010.2,0,0,0,0,stop,0.0
12.7806,idle,0,-0.19,-7.24,0.0,0,0,13.21,-0.0,13.2,0.08,2,5,24.1,55.3,1010.2,0,0,0,0,stop,0.0
12.7806,3,0,0.16,-7.13,0.16,16,6,12.86,-0.0,12.66,3.45,1,5,24.1,55.3,1010.2,0,0,0,0,moving,0.0
12.7806,3,0,-0.19,-7.44,0.35,339,127,12.65,-0.0,12.63,3.05,2,6,24.1,55.3,1010.2,0,0,0,0,moving,0.0
12.7807,3,0,0.14,-7.11,0.56,890,364,13.0,-0.0,13.01,1.17,2,9,24.1,55.3,1010.2,0,0,0,0,moving,0.0
12.7807,3,0,-2.83,-12.28,0.76,1485,668,13.01,-0.0,13.01,1.14,1,6,24.1,55.4,1010.2,0,0,0,0,moving,0.0
12.7807,3,0,1.89,-4.57,0.92,2082,1002,13.17,-0.0,13.14,0.65,2,6,24.1,55.4,1010.2,0,0,0,0,moving,0.0
12.7808,3,0,-1.0,-5.0,1.1,2577,1354,13.03,-0.0,13.1,-0.09,0,6,24.1,55.3,1010.2,0,0,0,0,moving,0.0
12.7808,3,0,0.05,-7.06,1.32,2911,1721,13.07,-0.0,13.02,0.75,2,5,24.1,55.4,1010.2,0,0,0,0,moving,0.0
12.7808,3,0,-0.54,-7.64,1.5,3190,2097,13.17,-0.0,13.14,0.36,1,8,24.1,55.3,1010.2,0,0,0,0,moving,0.0
12.7808,3,0,0.03,-7.51,1.67,3393,2480,13.14,-0.0,13.11,0.64,2,6,24.1,55.3,1010.2,0,0,0,0,moving,0.0
12.7809,3,0,-0.28,-7.39,0.0,44,101,13.21,-0.0,13.2,0.08,1,7,24.1,55.4,1010.2,0,0,0,0,stop,0.0
12.7809,3,0,0.27,-7.34,0.0,37,95,13.21,-0.0,13.2,0.08,2,2,24.1,55.4,1010.2,0,0,0,0,stop,0.0
12.7809,3,0,-0.41,-7.27,0.0,30,85,13.21,-0.0,13.21,0.08,1,6,24.1,55.4,1010.2,0,0,0,0,stop,0.0
12.781,3,0,0.16,-7.43,0.0,23,72,13.21,-0.0,13.2,0.08,2,9,24.1,55.3,1010.2,0,0,0,0,stop,0.0
12.781,3,0,-0.3,-7.34,0.0,17,66,13.21,-0.0,13.2,0.08,0,11,24.1,55.3,1010.2,0,0,0,0,stop,0.0
12.781,3,0,0.03,-7.2,0.0,11,57,13.21,-0.0,13.2,0.08,1,5,24.1,55.4,1010.1,0,0,0,0,stop,0.0
12.781,3,0,-0.17,-7.39,0.0,4,47,13.21,-0.0,13.2,0.08,2,7,24.1,55.3,1010.2,0,0,0,0,stop,0.0
12.7811,3,0,-0.08,-7.31,0.0,-1,42,13.21,-0.0,13.2,0.08,2,6,24.1,55.3,1010.1,0,0,0,0,stop,0.0
12.7811,3,0,-0.46,-7.26,0.0,0,33,13.21,-0.0,13.2,0.08,2,8,24.1,55.4,1010.1,0,0,0,0,stop,0.0
12.7811,3,0,0.19,-7.28,0.0,0,26,13.21,-0.0,13.2,0.08,1,4,24.1,55.4,1010.2,0,0,0,0,stop,0.0
12.7811,3,0,-0.19,-7.24,0.0,0,19,13.21,-0.0,13.21,0.08,2,6,24.1,55.4,1010.2,0,0,0,0,stop,0.0
12.7812,3,0,0.02,-7.1,0.0,0,12,13.21,-0.0,13.2,0.08,1,5,24.1,55.3,1010.2,0,0,0,0,stop,0.0
12.7812,3,0,-0.08,-7.31,0.0,0,6,13.21,-0.0,13.2,0.08,2,3,24.1,55.3,1010.1,0,0,0,0,stop,0.0
12.7812,3,0,-0.14,-7.24,0.0,0,0,13.21,-0.0,13.2,0.08,3,6,24.1,55.3,1010.2,0,0,0,0,stop,0.0
12.7813,3,0,-0.14,-7.06,0.0,0,0,13.21,-0.0,13.2,0.08,1,5,24.1,55.3,1010.2,0,0,0,0,stop,0.0
12.7813,3,0,0.02,-7.16,0.0,0,0,13.21,-0.0,13.2,0.08,2,6,24.1,55.3,1010.1,0,0,0,0,stop,0.0
12.7813,3,0,-0.54,-7.24,0.0,0,0,13.21,-0.0,13.2,0.08,0,6,24.1,55.4,1010.2,0,0,0,0,stop,0.0
12.7813,idle,0,-0.03,-7.31,0.0,0,0,13.21,-0.0,13.2,0.08,1,5,24.1,55.3,1010.2,0,0,0,0,stop,0.0
12.7814,idle,1,-0.16,-7.2,0.0,0,0,13.21,-0.0,13.2,0.08,1,6,24.1,55.4,1010.2,0,0,0,0,stop,0.0
12.7814,idle,0,-0.25,-7.13,0.0,0,0,13.21,-0.0,13.2,0.08,0,5,24.1,55.4,1010.1,0,0,0,0,stop,0.0
12.7814,idle,0,-0.17,-7.32,0.0,0,0,13.21,-0.0,13.21,0.08,3,4,24.1,55.4,1010.2,0,0,0,0,stop,0.0
12.7815,idle,0,-0.06,-7.42,0.0,0,0,13.21,-0.0,13.2,0.08,1,5,24.1,55.4,1010.2,0,0,0,0,stop,0.0
12.7815,idle,0,-0.25,-7.4,0.0,0,0,13.21,-0.0,13.2,0.08,1,5,24.1,55.4,1010.2,0,0,0,0,stop,0.0
12.7815,idle,0,0.03,-7.06,0.0,0,0,13.21,-0.0,13.2,0.08,1,6,24.1,55.4,1010.2,0,0,0,0,stop,0.0
12.7815,idle,0,-0.19,-7.14,0.0,0,0,13.21,-0.0,13.2,0.08,1,7,24.1,55.4,1010.2,0,0,0,0,stop,0.0
12.7816,idle,0,0.05,-7.22,0.0,0,0,13.21,-0.0,13.2,0.08,1,6,24.1,55.4,1010.2,0,0,0,0,stop,0.0
12.7816,idle,0,-0.22,-6.96,0.0,0,0,13.21,-0.0,13.2,0.08,0,6,24.1,55.3,1010.2,0,0,0,0,stop,0.0
12.7816,idle,0,-0.35,-7.15,0.0,0,0,13.21,-0.0,13.2,0.08,1,6,24.1,55.3,1010.2,0,0,0,0,stop,0.0
12.7816,idle,0,0.03,-7.12,0.0,0,0,13.21,-0.0,13.2,0.08,0,6,24.1,55.4,1010.2,0,0,0,0,stop,0.0
12.7817,idle,0,-0.19,-7.06,0.0,0,0,13.21,-0.0,13.2,0.08,1,4,24.1,55.4,1010.2,0,0,0,0,stop,0.0
12.7817,idle,0,-0.16,-7.19,0.0,0,0,13.21,-0.0,13.2,0.08,1,6,24.1,55.4,1010.2,0,0,0,0,stop,0.0
12.7817,idle,0,-0.25,-7.4,0.0,0,0,13.21,-0.0,13.2,0.08,2,6,24.1,55.3,1010.2,0,0,0,0,stop,0.0
12.7818,idle,0,-0.03,-7.29,0.0,0,0,13.21,-0.0,13.2,0.08,2,5,24.1,55.3,1010.2,0,0,0,0,stop,0.0
12.7818,idle,0,-0.03,-7.24,0.0,0,0,13.21,-0.0,13.2,0.08,1,5,24.1,55.4,1010.2,0,0,0,0,stop,0.0
12.7818,idle,0,-0.13,-7.23,0.0,0,0,13.21,-0.0,13.2,0.08,2,5,24.1,55.4,1010.1,0,0,0,0,stop,0.0
12.7818,idle,0,-0.13,-7.18,0.0,0,0,13.21,-0.0,13.2,0.08,1,5,24.1,55.4,1010.2,0,0,0,0,stop,0.0
12.7819,4,0,-0.09,-7.05,0.09,0,0,13.21,-0.0,13.2,0.08,2,5,24.1,55.3,1010.2,0,0,0,0,moving,0.0
12.7819,4,0,0.53,-8.07,0.26,87,-88,12.73,-0.0,12.85,2.72,2,6,24.1,55.4,1010.2,0,0,0,0,moving,0.0
12.7819,4,0,-0.16,-7.2,0.46,345,-349,12.82,-0.0,13.2,0.5,1,6,24.1,55.4,1010.2,0,0,0,0,moving,0.0
12.782,4,0,-0.02,-7.02,0.64,652,-663,13.19,-0.0,12.83,1.85,2,6,24.1,55.4,1010.2,0,0,0,0,moving,0.0
12.782,4,0,0.32,-7.65,0.82,966,-984,12.93,-0.0,13.22,0.09,1,5,24.1,55.4,1010.2,0,0,0,0,moving,0.0
12.782,4,0,0.0,-7.0,1.02,1282,-1307,12.99,-0.0,12.85,1.87,2,7,24.1,55.4,1010.2,0,0,0,0,moving,0.0
12.782,4,0,-0.14,-7.83,1.22,1598,-1631,13.17,-0.0,13.12,1.54,1,7,24.1,55.4,1010.2,0,0,0,0,moving,0.0
12.7821,4,0,-1.43,-8.99,1.39,1910,-1952,13.27,-0.0,12.94,1.04,1,6,24.1,55.4,1010.2,0,0,0,0,moving,0.0
12.7821,4,0,0.95,-7.32,1.54,2225,-2275,12.89,-0.0,13.07,0.88,2,4,24.1,55.3,1010.2,0,0,0,0,moving,0.0
12.7821,4,0,-1.24,-7.15,1.69,2542,-2598,13.17,-0.0,12.85,1.6,2,4,24.1,55.3,1010.1,0,0,0,0,moving,0.0
12.7821,4,0,0.51,-7.5,1.86,2856,-2918,13.0,-0.0,12.82,1.88,2,6,24.1,55.3,1010.2,0,0,0,0,moving,0.0
12.7822,4,0,-0.05,-7.71,2.02,3173,-3241,13.16,-0.0,13.26,-0.03,1,6,24.1,55.4,1010.2,0,0,0,0,moving,0.0
12.7822,4,0,0.16,-7.61,2.18,3489,-3565,12.87,-0.0,12.86,2.22,1,6,24.1,55.3,1010.2,0,0,0,0,moving,0.0
12.7822,4,0,-0.21,-6.67,2.36,3803,-3885,13.25,-0.0,13.15,1.89,2,5,24.1,55.4,1010.2,0,0,0,0,moving,0.0
12.7823,4,0,-0.19,-7.57,2.57,4120,-4209,12.89,-0.0,13.01,0.79,1,7,24.1,55.3,1010.2,0,0,0,0,moving,0.0
12.7823,4,0,0.21,-6.69,2.75,4436,-4532,13.02,-0.0,13.05,1.09,2,7,24.1,55.3,1010.2,0,0,0,0,moving,0.0
12.7823,4,0,-0.23,-7.22,2.91,4750,-4852,12.98,-0.0,12.88,0.49,1,5,24.1,55.4,1010.2,0,0,0,0,moving,0.0
12.7823,4,0,-0.27,-7.53,3.1,5067,-5176,13.19,-0.0,13.19,1.9,2,6,24.1,55.4,1010.2,0,0,0,0,moving,0.0
12.7824,4,0,0.0,-7.19,3.27,5383,-5499,12.83,-0.0,13.24,-0.02,1,4,24.1,55.4,1010.2,0,0,0,0,moving,0.0
12.7824,4,0,0.08,-7.19,3.46,5698,-5820,12.91,-0.0,12.81,2.17,2,6,24.1,55.4,1010.2,0,0,0,0,moving,0.0
12.7824,4,0,-0.17,-7.39,0.0,64,-67,13.21,-0.0,13.2,0.08,2,6,24.1,55.4,1010.2,0,0,0,0,stop,0.0
12.7825,4,0,-1.15,-8.75,0.0,73,-75,13.21,-0.0,13.21,0.08,2,5,24.1,55.4,1010.2,0,0,0,0,stop,0.0
12.7825,4,0,0.47,-8.17,0.0,62,-64,13.21,-0.0,13.2,0.08,2,3,24.1,55.4,1010.1,0,0,0,0,stop,0.0
12.7825,4,0,-0.84,-6.92,0.0,57,-58,13.21,-0.0,13.2,0.08,0,5,24.1,55.4,1010.2,0,0,0,0,stop,0.0
12.7825,4,0,0.19,-7.35,0.0,49,-50,13.21,-0.0,13.2,0.08,0,1,24.1,55.3,1010.2,0,0,0,0,stop,0.0
12.7826,4,0,-0.41,-7.28,0.18,35,-37,13.21,-0.0,13.2,0.08,1,5,24.1,55.3,1010.2,0,0,0,0,moving,0.0
12.7826,4,0,0.56,-8.72,0.32,302,-123,12.53,-0.0,12.6,3.27,1,6,24.1,55.3,1010.2,0,0,0,0,moving,0.0
12.7826,4,0,-0.43,-7.01,0.52,824,-42,12.82,-0.0,12.8,2.27,3,6,24.1,55.3,1010.2,0,0,0,0,moving,0.0
12.7826,4,0,-0.03,-7.31,0.7,1428,146,13.06,-0.0,13.08,1.57,1,5,24.1,55.3,1010.2,0,0,0,0,moving,0.0
12.7827,4,0,-0.19,-7.37,0.88,2055,394,13.09,-0.0,12.98,0.64,2,6,24.1,55.3,1010.2,0,0,0,0,moving,0.0
12.7827,4,0,0.0,-7.22,1.03,2666,672,15.15,-0.0,14.91,0.55,2,5,24.1,55.4,1010.2,0,0,0,0,moving,0.0
12.7827,4,0,-0.42,-7.51,1.22,3095,985,13.16,-0.0,13.21,0.3,2,5,24.1,55.4,1010.2,0,0,0,0,moving,0.0
12.7828,4,0,-0.24,-7.46,1.41,3407,1319,13.16,-0.0,13.07,0.93,1,5,24.1,55.3,1010.2,0,0,0,0,moving,0.0
12.7828,4,0,-1.06,-9.09,0.0,69,91,13.21,-0.0,13.21,0.08,1,5,24.1,55.3,1010.2,0,0,0,0,stop,0.0
12.7828,4,0,0.63,-6.33,0.0,60,82,13.21,-0.0,13.2,0.08,1,6,24.1,55.4,1010.2,0,0,0,0,stop,0.0
12.7828,4,0,-0.76,-7.13,0.0,54,76,13.21,-0.0,13.21,0.08,0,6,24.1,55.4,1010.2,0,0,0,0,stop,0.0
12.7829,4,0,0.24,-7.31,0.0,45,65,13.21,-0.0,13.2,0.08,3,7,24.1,55.3,1010.2,0,0,0,0,stop,0.0
12.7829,4,0,-0.61,-7.26,0.0,37,56,13.21,-0.0,13.2,0.08,1,6,24.1,55.3,1010.2,0,0,0,0,stop,0.0
12.7829,4,0,0.08,-7.39,0.0,31,50,13.21,-0.0,13.21,0.08,1,7,24.1,55.3,1010.2,0,0,0,0,stop,0.0
12.783,4,0,-0.4,-7.22,0.0,23,40,13.22,-0.0,13.2,0.08,1,6,24.1,55.4,1010.1,0,0,0,0,stop,0.0
12.783,4,0,-0.65,-6.64,0.18,31,73,12.63,-0.0,12.56,3.7,2,6,24.1,55.4,1010.1,1,0,0,0,moving,0.0
12.783,4,0,0.3,-10.09,0.4,-240,-153,12.43,-0.0,12.36,4.62,2,7,24.1,55.5,1010.2,0,0,0,0,moving,0.0
12.783,4,0,1.28,-6.17,0.59,-747,-668,12.9,-0.0,12.85,1.91,1,6,24.1,55.4,1010.2,0,0,0,0,moving,0.0
12.7831,4,0,-3.72,-7.01,0.81,-1333,-1277,13.01,-0.0,12.98,1.26,2,4,24.1,55.4,1010.2,0,0,0,0,moving,0.0
12.7831,4,0,3.14,-8.52,1.03,-1942,-1912,13.04,-0.0,13.02,1.04,1,5,24.1,55.3,1010.2,0,0,0,0,moving,0.0
12.7831,4,0,-2.46,-7.44,1.2,-2550,-2546,13.07,-0.0,13.04,0.97,2,7,24.1,55.3,1010.2,0,0,0,0,moving,0.0
12.7831,4,0,1.33,-7.65,1.36,-3169,-3190,13.06,-0.0,13.04,0.92,2,5,24.1,55.3,1010.2,0,0,0,0,moving,0.0
12.7832,4,0,-1.3,-7.39,1.56,-3789,-3835,13.07,-0.0,13.05,0.91,2,6,24.1,55.3,1010.2,0,0,0,0,moving,0.0
12.7832,4,0,1.3,-7.89,1.77,-4408,-4479,13.07,-0.0,13.05,0.91,0,6,24.1,55.4,1010.2,0,0,0,0,moving,0.0
12.7832,4,0,-0.27,-6.61,1.96,-5028,-5124,13.09,-0.0,13.05,0.89,0,5,24.1,55.4,1010.2,0,0,0,0,moving,0.0
12.7833,4,0,-3.18,-6.78,2.17,-5649,-5756,13.06,-0.0,13.14,0.49,1,6,24.1,55.4,1010.2,0,0,0,0,moving,0.0
12.7833,idle,1,1.64,-7.03,2.34,-6267,-6353,13.21,-0.0,13.02,1.09,2,4,24.1,55.4,1010.2,0,0,0,0,moving,0.0
12.7833,idle,0,-2.04,-7.31,0.0,-109,-98,13.23,-0.0,13.21,0.07,3,4,24.1,55.4,1010.2,0,0,0,0,stop,0.0
12.7834,idle,0,1.16,-7.1,0.0,-157,-141,13.21,-0.0,13.2,0.08,2,6,24.1,55.4,1010.2,0,0,0,0,stop,0.0
12.7834,idle,0,-1.19,-7.47,0.0,-143,-128,13.21,-0.0,13.2,0.08,3,4,24.1,55.4,1010.2,0,0,0,0,stop,0.0
12.7834,idle,0,0.7,-7.7,0.0,-136,-121,13.21,-0.0,13.2,0.08,4,8,24.1,55.3,1010.1,0,0,0,0,stop,0.0
12.7834,idle,0,-0.5,-7.32,0.0,-119,-106,13.21,-0.0,13.21,0.08,2,7,24.1,55.4,1010.1,0,0,0,0,stop,0.0
12.7835,idle,0,0.27,-7.25,0.0,-106,-95,13.21,-0.0,13.2,0.08,1,6,24.1,55.4,1010.1,0,0,0,0,stop,0.0
12.7835,idle,0,-0.52,-8.01,0.0,-99,-88,13.21,-0.0,13.2,0.08,2,7,24.1,55.4,1010.1,0,0,0,0,stop,0.0
12.7835,idle,0,-1.08,-7.53,0.0,-86,-76,13.21,-0.0,13.2,0.08,1,6,24.1,55.3,1010.1,0,0,0,0,stop,0.0
12.7835,idle,0,0.43,-7.35,0.0,-76,-67,13.21,-0.0,13.2,0.08,2,6,24.1,55.4,1010.1,0,0,0,0,stop,0.0
12.7836,idle,0,-0.7,-7.17,0.0,-68,-58,13.21,-0.0,13.21,0.08,2,6,24.1,55.4,1010.2,0,0,0,0,stop,0.0
12.7836,idle,0,0.09,-7.35,0.0,-56,-48,13.21,-0.0,13.2,0.08,1,6,24.1,55.4,1010.1,0,0,0,0,stop,0.0
12.7836,idle,0,0.11,-7.73,0.0,-48,-40,13.21,-0.0,13.2,0.08,4,5,24.1,55.4,1010.2,0,0,0,0,stop,0.0
12.7836,idle,0,0.55,-7.55,0.0,-42,-33,13.21,-0.0,13.21,0.07,1,5,24.1,55.3,1010.2,0,0,0,0,stop,0.0
12.7837,idle,0,0.0,-7.13,0.0,-33,-26,13.21,-0.0,13.21,0.08,2,5,24.1,55.3,1010.1,0,0,0,0,stop,0.0
12.7837,idle,0,0.39,-6.91,0.0,-26,-19,13.21,-0.0,13.2,0.07,1,6,24.1,55.3,1010.1,0,0,0,0,stop,0.0
12.7837,idle,0,-0.74,-7.07,0.0,-20,-13,13.21,-0.0,13.2,0.08,2,7,24.1,55.3,1010.1,0,0,0,0,stop,0.0
12.7838,idle,0,0.25,-7.47,0.0,-13,-7,13.21,-0.0,13.2,0.07,1,6,24.1,55.3,1010.2,0,0,0,0,stop,0.0
12.7838,idle,0,0.08,-7.49,0.0,-6,-1,13.21,-0.0,13.21,0.07,2,6,24.1,55.4,1010.1,0,0,0,0,stop,0.0
12.7838,idle,0,0.19,-7.3,0.0,2,0,13.21,-0.0,13.2,0.08,3,9,24.1,55.4,1010.1,0,0,0,0,stop,0.0
12.7839,idle,0,-0.65,-7.25,0.0,0,0,13.21,-0.0,13.2,0.07,0,4,24.1,55.4,1010.2,0,0,0,0,stop,0.0
12.7839,idle,0,-0.06,-6.99,0.0,0,0,13.21,-0.0,13.21,0.07,1,6,24.1,55.3,1010.2,0,0,0,0,stop,0.0
12.7839,4,0,-0.36,-7.12,0.09,0,0,13.21,-0.0,13.21,0.07,2,6,24.1,55.4,1010.1,0,0,0,0,moving,0.0
12.7839,4,0,-0.9,-7.4,0.24,84,-83,12.6,-0.0,12.55,0.98,2,6,24.1,55.4,1010.1,0,0,0,0,moving,0.0
12.784,4,0,-0.48,-4.66,0.33,344,-347,13.18,-0.0,12.9,1.74,1,6,24.1,55.4,1010.2,0,0,0,0,moving,0.0
12.784,4,0,-0.17,-5.93,0.52,650,-660,13.01,-0.0,12.96,1.04,1,5,24.1,55.4,1010.2,0,0,0,0,moving,0.0
12.784,4,0,-1.8,-7.34,0.71,961,-979,13.14,-0.0,13.13,0.76,2,6,24.1,55.4,1010.2,0,0,0,0,moving,0.0
12.784,4,0,0.4,-7.52,0.89,1276,-1303,12.88,-0.0,12.84,0.57,1,6,24.1,55.4,1010.1,0,0,0,0,moving,0.0
12.7841,4,0,-0.5,-6.88,1.0,1591,-1626,13.23,-0.0,13.23,1.98,2,6,24.1,55.3,1010.2,0,0,0,0,moving,0.0
12.7841,4,0,0.51,-6.1,0.98,1903,-1947,13.2,-0.0,13.23,0.19,0,5,24.1,55.3,1010.2,0,0,0,0,moving,0.0
12.7841,4,0,-0.8,-8.51,1.16,2218,-2271,12.97,-0.0,12.88,2.02,2,6,24.1,55.4,1010.2,0,0,0,0,moving,0.0
12.7841,4,0,0.75,-7.83,1.36,2533,-2595,12.99,-0.0,13.18,1.85,2,6,24.1,55.4,1010.2,0,0,0,0,moving,0.0
12.7842,4,0,0.0,-7.04,1.54,2847,-2919,13.14,-0.0,13.03,0.67,1,8,24.1,55.4,1010.1,0,0,0,0,moving,0.0
12.7842,4,0,0.2,-6.08,1.71,3162,-3243,12.85,-0.0,13.05,1.05,1,6,24.1,55.4,1010.2,0,0,0,0,moving,0.0
12.7842,4,0,-0.19,-7.49,1.88,3474,-3564,12.87,-0.0,12.86,1.52,1,9,24.1,55.4,1010.2,0,0,0,0,moving,0.0
12.7843,4,0,0.39,-7.56,2.04,3789,-3888,13.17,-0.0,13.14,1.93,1,5,24.1,55.4,1010.1,0,0,0,0,moving,0.0
12.7843,4,0,0.19,-6.64,2.21,4105,-4212,13.04,-0.0,12.79,0.15,1,6,24.1,55.4,1010.2,0,0,0,0,moving,0.0
12.7843,4,0,-0.33,-7.14,2.41,4417,-4534,13.18,-0.0,12.86,1.93,2,4,24.1,55.4,1010.2,0,0,0,0,moving,0.0
12.7843,4,0,-0.17,-7.2,2.61,4732,-4858,12.86,-0.0,13.21,0.19,2,6,24.1,55.4,1010.2,0,0,0,0,moving,0.0
12.7844,4,0,-0.02,-7.42,2.82,5046,-5183,13.24,-0.0,12.95,0.52,0,6,24.1,55.3,1010.2,0,0,0,0,moving,0.0
12.7844,4,0,-2.82,-8.35,3.01,5358,-5504,12.86,-0.0,12.98,1.24,0,7,24.1,55.4,1010.2,0,0,0,0,moving,0.0
12.7844,4,0,1.12,-7.42,3.13,5673,-5829,13.12,-0.0,12.93,1.26,1,5,24.1,55.4,1010.2,0,0,0,0,moving,0.0
12.7845,4,0,-1.18,-6.06,0.0,39,-42,13.17,-0.0,13.23,0.08,2,5,24.1,55.3,1010.2,0,0,0,0,stop,0.0
12.7845,4,0,0.35,-6.69,0.0,73,-76,13.22,-0.0,13.21,0.08,2,5,24.1,55.4,1010.1,0,0,0,0,stop,0.0
12.7845,4,0,-0.6,-7.64,0.0,65,-67,13.21,-0.0,13.21,0.08,1,6,24.1,55.4,1010.2,0,0,0,0,stop,0.0
12.7845,4,0,0.43,-7.15,0.0,60,-62,13.21,-0.0,13.2,0.08,1,7,24.1,55.3,1010.1,0,0,0,0,stop,0.0
12.7846,4,0,-0.22,-7.29,0.0,49,-51,13.21,-0.0,13.21,0.08,2,8,24.1,55.4,1010.1,0,0,0,0,stop,0.0
12.7846,4,0,0.05,-6.98,0.16,21,-21,13.21,-0.0,13.21,0.08,1,5,24.1,55.3,1010.2,0,0,0,0,moving,0.0
12.7846,4,0,-0.02,-6.88,0.3,294,-107,12.56,-0.0,12.49,3.87,1,6,24.1,55.3,1010.2,0,0,0,0,moving,0.0
12.7846,4,0,0.0,-6.85,0.47,818,-28,12.94,-0.0,13.01,2.03,2,6,24.1,55.4,1010.2,0,0,0,0,moving,0.0
12.7847,4,0,0.21,-7.4,0.62,1421,160,12.97,-0.0,12.96,1.17,2,5,24.1,55.4,1010.2,0,0,0,0,moving,0.0
12.7847,4,0,0.37,-6.8,0.79,2045,410,13.14,-0.0,13.09,0.8,1,5,24.1,55.4,1010.2,0,0,0,0,moving,0.0
12.7847,4,0,0.28,-7.71,1.06,2653,689,15.24,-0.0,15.32,0.04,1,2,24.1,55.3,1010.2,0,0,0,0,moving,0.0
12.7848,4,0,-0.09,-4.46,1.12,3080,1004,13.07,-0.0,13.11,0.44,0,5,24.1,55.4,1010.2,0,0,0,0,moving,0.0
12.7848,4,0,1.66,-8.15,1.29,3390,1341,13.15,-0.0,13.07,0.46,2,6,24.1,55.4,1010.1,0,0,0,0,moving,0.0
12.7848,4,0,-0.99,-7.57,0.0,67,88,13.2,-0.0,13.2,0.08,2,6,24.1,55.3,1010.2,0,0,0,0,stop,0.0
12.7848,4,0,0.68,-7.59,0.0,61,83,13.21,-0.0,13.2,0.08,1,4,24.1,55.5,1010.2,0,0,0,0,stop,0.0
12.7849,4,0,-0.86,-7.02,0.0,52,74,13.21,-0.0,13.2,0.08,1,6,24.1,55.4,1010.2,0,0,0,0,stop,0.0
12.7849,4,0,0.39,-7.09,0.0,43,63,13.21,-0.0,13.2,0.08,1,5,24.1,55.4,1010.1,0,0,0,0,stop,0.0
12.7849,4,0,-0.51,-7.03,0.0,37,56,13.21,-0.0,13.2,0.08,2,6,24.1,55.3,1010.2,0,0,0,0,stop,0.0
12.785,4,0,0.02,-7.14,0.0,30,48,13.21,-0.0,13.21,0.08,0,5,24.1,55.4,1010.2,0,0,0,0,stop,0.0
12.785,4,0,0.09,-7.12,0.0,24,40,13.21,-0.0,13.2,0.08,2,6,24.1,55.4,1010.2,0,0,0,0,stop,0.0
12.785,4,0,-0.11,-7.15,0.0,18,35,13.21,-0.0,13.2,0.08,3,7,24.1,55.4,1010.2,0,0,0,0,stop,0.0
12.785,4,0,0.08,-7.37,0.0,11,26,13.21,-0.0,13.21,0.08,2,6,24.1,55.4,1010.2,0,0,0,0,stop,0.0
12.7851,4,0,-0.14,-7.35,0.0,5,20,13.21,-0.0,13.2,0.08,0,5,24.1,55.4,1010.2,0,0,0,0,stop,0.0
12.7851,4,0,-0.05,-7.35,0.0,-1,14,13.21,-0.0,13.2,0.08,3,6,24.1,55.4,1010.1,0,0,0,0,stop,0.0
12.7851,4,0,-0.21,-7.24,0.0,0,8,13.21,-0.0,13.2,0.08,2,8,24.1,55.4,1010.1,0,0,0,0,stop,0.0
12.7851,4,0,0.03,-7.03,0.0,0,0,13.21,-0.0,13.21,0.08,2,5,24.1,55.4,1010.2,0,0,0,0,stop,0.0
12.7852,4,0,0.14,-7.07,0.0,0,0,13.21,-0.0,13.21,0.08,3,7,24.1,55.4,1010.2,0,0,0,0,stop,0.0
12.7852,4,0,-0.14,-7.21,0.0,0,0,13.21,-0.0,13.21,0.08,1,5,24.1,55.4,1010.1,0,0,0,0,stop,0.0
12.7852,4,0,0.06,-7.29,0.0,0,0,13.21,-0.0,13.2,0.08,2,7,24.1,55.3,1010.1,0,0,0,0,stop,0.0
12.7853,4,0,-0.36,-7.49,0.0,0,0,13.21,-0.0,13.21,0.08,1,6,24.1,55.4,1010.1,0,0,0,0,stop,0.0
12.7853,4,0,0.16,-7.4,0.0,0,0,13.21,-0.0,13.2,0.08,1,4,24.1,55.4,1010.1,0,0,0,0,stop,0.0
12.7853,idle,0,-0.28,-7.19,0.0,0,0,13.21,-0.0,13.2,0.08,1,6,24.1,55.3,1010.1,0,0,0,0,stop,0.0
12.7853,idle,1,0.28,-7.16,0.0,0,0,13.21,-0.0,13.21,0.08,1,6,24.1,55.4,1010.1,0,0,0,0,stop,0.0
12.7854,idle,0,-0.85,-7.3,0.0,0,0,13.21,-0.0,13.21,0.08,0,6,24.1,55.4,1010.2,0,0,0,0,stop,0.0
12.7854,idle,0,2.36,-7.61,0.0,0,0,13.21,-0.0,13.2,0.08,1,5,24.1,55.3,1010.2,0,0,0,0,stop,0.0
12.7854,idle,0,0.18,-8.15,0.0,0,0,13.21,-0.0,13.2,0.08,2,8,24.1,55.4,1010.2,0,0,0,0,stop,0.0
12.7855,idle,0,0.74,-7.38,0.0,0,0,13.21,-0.0,13.2,0.08,1,6,24.1,55.4,1010.2,0,0,0,0,stop,0.0
12.7855,idle,0,-0.94,-7.04,0.0,0,0,13.21,-0.0,13.2,0.08,2,5,24.1,55.4,1010.2,0,0,0,0,stop,0.0
12.7855,idle,0,0.57,-7.25,0.0,0,0,13.21,-0.0,13.2,0.08,2,6,24.1,55.3,1010.1,0,0,0,0,stop,0.0
12.7855,idle,0,-0.91,-7.41,0.0,0,0,13.21,-0.0,13.2,0.08,2,5,24.1,55.4,1010.2,0,0,0,0,stop,0.0
12.7856,idle,0,0.27,-7.27,0.0,0,0,13.21,-0.0,13.21,0.08,3,6,24.1,55.4,1010.1,0,0,0,0,stop,0.0
12.7856,idle,0,-0.17,-7.25,0.0,0,0,13.21,-0.0,13.2,0.08,1,8,24.1,55.4,1010.2,0,0,0,0,stop,0.0
12.7856,idle,0,-0.22,-7.17,0.0,0,0,13.21,-0.0,13.2,0.08,2,5,24.1,55.3,1010.2,0,0,0,0,stop,0.0
12.7856,idle,0,0.25,-7.95,0.0,0,0,13.21,-0.0,13.2,0.08,4,6,24.1,55.4,1010.1,0,0,0,0,stop,0.0
12.7857,idle,0,-0.85,-7.39,0.0,0,0,13.21,-0.0,13.2,0.08,2,5,24.1,55.3,1010.2,0,0,0,0,stop,0.0
12.7857,idle,0,1.03,-7.02,0.0,0,0,13.21,-0.0,13.2,0.08,1,8,24.1,55.4,1010.1,0,0,0,0,stop,0.0
12.7857,idle,0,-0.49,-7.32,0.0,0,0,13.21,-0.0,13.21,0.08,1,6,24.1,55.3,1010.1,0,0,0,0,stop,0.0
12.7858,idle,0,-0.17,-7.06,0.0,0,0,13.21,-0.0,13.21,0.08,2,6,24.1,55.3,1010.2,0,0,0,0,stop,0.0
12.7858,idle,0,-0.02,-7.19,0.0,0,0,13.21,-0.0,13.21,0.08,2,5,24.1,55.4,1010.1,0,0,0,0,stop,0.0
12.7858,idle,0,-0.14,-7.09,0.0,0,0,13.21,-0.0,13.2,0.08,1,6,24.1,55.4,1010.2,0,0,0,0,stop,0.0
12.7858,idle,0,-0.14,-7.16,0.0,0,0,13.21,-0.0,13.2,0.08,0,7,24.1,55.4,1010.2,0,0,0,0,stop,0.0
12.7859,idle,0,-0.05,-7.17,0.0,0,0,13.21,-0.0,13.21,0.08,2,5,24.1,55.4,1010.2,0,0,0,0,stop,0.0
12.7859,idle,0,-0.11,-7.19,0.0,0,0,13.21,-0.0,13.21,0.08,1,6,24.1,55.4,1010.1,0,0,0,0,stop,0.0
12.7859,idle,0,-0.13,-7.26,0.0,0,0,13.21,-0.0,13.2,0.08,1,6,24.1,55.4,1010.2,0,0,0,0,stop,0.0
12.786,idle,0,-0.06,-7.31,0.0,0,0,13.21,-0.0,13.2,0.08,1,6,24.1,55.4,1010.2,0,0,0,0,stop,0.0
12.786,idle,0,-0.16,-7.16,0.0,0,0,13.21,-0.0,13.21,0.08,2,4,24.1,55.4,1010.2,0,0,0,0,stop,0.0
12.786,idle,0,-0.08,-7.3,0.0,0,0,13.21,-0.0,13.21,0.08,2,5,24.1,55.4,1010.1,0,0,0,0,stop,0.0
12.786,idle,0,-0.05,-7.24,0.0,0,0,13.21,-0.0,13.21,0.08,2,5,24.1,55.4,1010.1,0,0,0,0,stop,0.0
12.7861,idle,0,-0.08,-7.27,0.0,0,0,13.21,-0.0,13.2,0.08,1,8,24.1,55.4,1010.1,0,0,0,0,stop,0.0
12.7861,idle,0,-0.05,-7.32,0.0,0,0,13.21,-0.0,13.2,0.08,1,5,24.1,55.4,1010.2,0,0,0,0,stop,0.0
12.7861,idle,0,-0.13,-7.32,0.0,0,0,13.21,-0.0,13.2,0.08,2,9,24.1,55.4,1010.1,0,0,0,0,stop,0.0
12.7861,4,0,-0.19,-7.07,0.09,0,0,13.21,-0.0,13.2,0.08,2,7,24.1,55.4,1010.2,0,0,0,0,moving,0.0
12.7862,4,0,0.0,-8.52,0.25,82,-82,12.75,-0.0,12.65,2.76,2,6,24.1,55.4,1010.2,0,0,0,0,moving,0.0
12.7862,4,0,-0.74,-8.34,0.42,335,-338,13.19,-0.0,13.21,0.36,1,5,24.1,55.4,1010.1,0,0,0,0,moving,0.0
12.7862,4,0,-0.14,-8.14,0.59,636,-648,13.19,-0.0,12.78,2.23,2,6,24.1,55.4,1010.1,0,0,0,0,moving,0.0
12.7863,4,0,-0.24,-7.64,0.76,946,-966,12.92,-0.0,12.88,1.62,1,8,24.1,55.4,1010.1,0,0,0,0,moving,0.0
12.7863,4,0,-0.21,-7.17,0.96,1261,-1290,12.99,-0.0,13.08,0.51,2,5,24.1,55.4,1010.1,0,0,0,0,moving,0.0
12.7863,4,0,0.14,-7.27,1.15,1577,-1614,13.17,-0.0,13.03,1.16,2,6,24.1,55.4,1010.1,0,0,0,0,moving,0.0
12.7863,4,0,-0.44,-6.82,1.33,1889,-1935,13.26,-0.0,12.9,0.85,1,5,24.1,55.4,1010.2,0,0,0,0,moving,0.0
12.7864,4,0,0.1,-7.72,1.52,2203,-2259,12.88,-0.0,12.82,1.67,2,6,24.1,55.4,1010.1,0,0,0,0,moving,0.0
12.7864,4,0,-0.45,-7.52,1.74,2518,-2583,13.18,-0.0,13.27,0.15,2,5,24.1,55.4,1010.1,0,0,0,0,moving,0.0
12.7864,4,0,-0.73,-6.58,1.87,2833,-2907,13.02,-0.0,12.86,1.97,2,6,24.1,55.4,1010.1,0,0,0,0,moving,0.0
12.7865,4,0,0.19,-7.68,2.03,3148,-3231,12.95,-0.0,13.23,0.1,2,8,24.1,55.4,1010.1,0,0,0,0,moving,0.0
12.7865,4,0,-0.23,-7.27,2.17,3463,-3555,12.86,-0.0,12.92,1.77,2,6,24.1,55.4,1010.1,0,0,0,0,moving,0.0
12.7865,4,0,-0.06,-7.75,2.34,3774,-3875,13.26,-0.0,13.01,1.66,1,6,24.1,55.4,1010.1,0,0,0,0,moving,0.0
12.7865,4,0,-0.22,-7.13,2.54,4089,-4199,12.9,-0.0,12.94,0.99,3,5,24.1,55.4,1010.1,0,0,0,0,moving,0.0
12.7866,4,0,0.05,-7.66,2.74,4404,-4523,13.12,-0.0,13.11,0.9,2,5,24.1,55.4,1010.1,0,0,0,0,moving,0.0
12.7866,4,0,0.11,-7.4,2.91,4719,-4847,13.05,-0.0,12.88,0.26,2,6,24.1,55.4,1010.1,0,0,0,0,moving,0.0
12.7866,4,0,-0.32,-7.14,3.07,5033,-5171,13.22,-0.0,13.23,2.05,2,5,24.1,55.4,1010.1,0,0,0,0,moving,0.0
12.7866,4,0,0.03,-7.15,3.25,5345,-5491,12.86,-0.0,13.22,0.14,2,5,24.1,55.4,1010.1,0,0,0,0,moving,0.0
12.7867,4,0,0.03,-7.26,3.42,5660,-5815,13.25,-0.0,12.84,2.11,2,4,24.1,55.4,1010.1,0,0,0,0,moving,0.0
12.7867,4,0,-0.31,-7.39,0.0,9,-9,13.22,-0.0,13.21,0.06,2,5,24.1,55.4,1010.1,0,0,0,0,stop,0.0
12.7867,4,0,-0.27,-7.18,0.0,77,-80,13.21,-0.0,13.2,0.08,2,7,24.1,55.4,1010.1,0,0,0,0,stop,0.0
12.7868,4,0,-0.16,-7.28,0.0,69,-70,13.21,-0.0,13.21,0.08,1,4,24.1,55.4,1010.1,0,0,0,0,stop,0.0
12.7868,4,0,-0.39,-7.23,0.0,60,-62,13.21,-0.0,13.2,0.08,2,4,24.1,55.4,1010.1,0,0,0,0,stop,0.0
12.7868,4,0,-1.16,-8.06,0.0,49,-51,13.21,-0.0,13.2,0.08,2,5,24.1,55.4,1010.1,0,0,0,0,stop,0.0
12.7868,4,0,-0.19,-5.52,0.24,3,-3,13.21,-0.0,13.2,0.08,0,5,24.1,55.4,1010.1,0,0,0,0,moving,0.0
12.7869,4,0,-1.19,-7.8,0.38,277,-92,12.57,-0.0,12.69,2.87,3,8,24.1,55.4,1010.1,0,0,0,0,moving,0.0
12.7869,4,0,0.84,-7.36,0.52,803,-8,13.05,-0.0,12.79,1.07,2,5,24.1,55.4,1010.1,0,0,0,0,moving,0.0
12.7869,4,0,-0.31,-7.1,0.71,1406,185,13.02,-0.0,12.92,1.52,2,5,24.1,55.4,1010.1,0,0,0,0,moving,0.0
12.787,4,0,0.61,-7.13,0.9,2030,438,13.09,-0.0,13.1,0.65,1,5,24.1,55.4,1010.1,0,0,0,0,moving,0.0
12.787,4,0,-0.14,-7.18,1.07,2636,721,15.17,-0.0,15.15,0.52,2,5,24.1,55.4,1010.2,0,0,0,0,moving,0.0
12.787,4,0,0.39,-6.56,1.26,3061,1038,13.18,-0.0,13.19,0.68,2,5,24.1,55.4,1010.2,0,0,0,0,moving,0.0
12.787,4,0,-0.32,-7.32,1.44,3370,1375,13.06,-0.0,13.09,0.61,2,5,24.1,55.4,1010.1,0,0,0,0,moving,0.0
12.7871,4,0,-0.28,-7.37,0.0,72,92,13.2,-0.0,13.21,0.08,2,7,24.1,55.4,1010.1,0,0,0,0,stop,0.0
12.7871,4,0,-0.14,-7.5,0.0,62,83,13.21,-0.0,13.21,0.08,2,6,24.1,55.4,1010.2,0,0,0,0,stop,0.0
12.7871,4,0,-0.58,-7.5,0.0,56,77,13.21,-0.0,13.2,0.08,2,5,24.1,55.4,1010.1,0,0,0,0,stop,0.0
12.7872,4,0,-1.44,-9.15,0.0,47,65,13.21,-0.0,13.21,0.08,1,5,24.1,55.4,1010.1,0,0,0,0,stop,0.0
12.7872,4,0,0.3,-6.81,0.0,40,57,13.21,-0.0,13.2,0.08,2,4,24.1,55.4,1010.1,0,0,0,0,stop,0.0
12.7872,4,0,-0.82,-7.3,0.0,32,48,13.21,-0.0,13.21,0.08,2,7,24.1,55.4,1010.1,0,0,0,0,stop,0.0
12.7872,4,0,-0.05,-7.53,0.0,24,39,13.21,-0.0,13.21,0.08,2,5,24.1,55.3,1010.2,0,0,0,0,stop,0.0
12.7873,4,0,-0.43,-7.37,0.0,20,34,13.21,-0.0,13.2,0.08,2,5,24.1,55.4,1010.1,0,0,0,0,stop,0.0
12.7873,4,0,-0.5,-7.22,0.0,13,27,13.21,-0.0,13.21,0.08,3,5,24.1,55.3,1010.1,0,0,0,0,stop,0.0
12.7873,4,0,-0.22,-7.45,0.0,7,19,13.22,-0.0,13.21,0.07,3,6,24.1,55.4,1010.1,0,0,0,0,stop,0.0
12.7873,4,0,-0.27,-7.35,0.0,2,14,13.21,-0.0,13.21,0.08,2,6,24.1,55.3,1010.1,0,0,0,0,stop,0.0
12.7874,4,0,-0.17,-7.44,0.0,0,8,13.21,-0.0,13.2,0.08,2,4,24.1,55.4,1010.1,0,0,0,0,stop,0.0
12.7874,4,0,-0.27,-7.44,0.0,0,2,13.21,-0.0,13.21,0.08,1,5,24.1,55.4,1010.1,0,0,0,0,stop,0.0
12.7874,4,0,-0.25,-7.4,0.0,0,0,13.21,-0.0,13.21,0.08,2,5,24.1,55.4,1010.1,0,0,0,0,stop,0.0
12.7875,4,0,-0.22,-7.47,0.0,0,0,13.21,-0.0,13.21,0.08,2,5,24.1,55.3,1010.1,0,0,0,0,stop,0.0
12.7875,4,0,-0.33,-7.41,0.0,0,0,13.21,-0.0,13.21,0.08,2,4,24.1,55.4,1010.2,0,0,0,0,stop,0.0
12.7875,4,0,-0.41,-7.46,0.0,0,0,13.21,-0.0,13.21,0.08,2,6,24.1,55.4,1010.1,0,0,0,0,stop,0.0
12.7875,4,0,-0.36,-7.39,0.0,0,0,13.21,-0.0,13.2,0.08,1,5,24.1,55.4,1010.1,0,0,0,0,stop,0.0
12.7876,idle,0,-0.29,-7.35,0.0,0,0,13.22,-0.0,13.21,0.08,2,6,24.1,55.3,1010.2,0,0,0,0,stop,0.0
12.7876,idle,1,-0.38,-7.35,0.0,0,0,13.21,-0.0,13.2,0.08,2,6,24.1,55.4,1010.1,0,0,0,0,stop,0.0
12.7876,idle,0,-0.17,-7.36,0.0,0,0,13.22,-0.0,13.2,0.08,2,6,24.1,55.3,1010.1,0,0,0,0,stop,0.0
12.7877,idle,0,-0.22,-7.39,0.0,0,0,13.21,-0.0,13.21,0.08,2,6,24.1,55.3,1010.1,0,0,0,0,stop,0.0
12.7877,idle,0,-0.19,-7.48,0.0,0,0,13.21,-0.0,13.2,0.08,2,6,24.1,55.4,1010.1,0,0,0,0,stop,0.0
12.7877,idle,0,-0.27,-7.45,0.0,0,0,13.21,-0.0,13.21,0.08,2,5,24.1,55.4,1010.2,0,0,0,0,stop,0.0
12.7877,idle,0,-0.32,-7.48,0.0,0,0,13.21,-0.0,13.2,0.08,2,6,24.1,55.3,1010.1,0,0,0,0,stop,0.0
12.7878,idle,0,-0.14,-7.31,0.0,0,0,13.21,-0.0,13.21,0.08,2,7,24.1,55.3,1010.1,0,0,0,0,stop,0.0
12.7878,idle,0,-0.4,-7.32,0.0,0,0,13.21,-0.0,13.21,0.08,1,6,24.1,55.3,1010.2,0,0,0,0,stop,0.0
12.7878,idle,0,-0.3,-7.41,0.0,0,0,13.21,-0.0,13.21,0.08,1,7,24.1,55.3,1010.1,0,0,0,0,stop,0.0
12.7878,idle,0,-0.27,-7.42,0.0,0,0,13.22,-0.0,13.21,0.08,2,5,24.1,55.3,1010.1,0,0,0,0,stop,0.0
12.7879,idle,0,-0.32,-7.4,0.0,0,0,13.21,-0.0,13.21,0.08,2,6,24.1,55.3,1010.1,0,0,0,0,stop,0.0
12.7879,idle,0,-0.3,-7.32,0.0,0,0,13.21,-0.0,13.21,0.08,2,9,24.1,55.3,1010.2,0,0,0,0,stop,0.0
12.7879,idle,0,-0.16,-7.42,0.0,0,0,13.21,-0.0,13.21,0.08,1,5,24.1,55.3,1010.1,0,0,0,0,stop,0.0
12.788,idle,0,-0.21,-7.46,0.0,0,0,13.21,-0.0,13.2,0.08,1,6,24.1,55.3,1010.1,0,0,0,0,stop,0.0
12.788,idle,0,-0.33,-7.43,0.0,0,0,13.21,-0.0,13.2,0.08,2,8,24.1,55.3,1010.1,0,0,0,0,stop,0.0
12.788,idle,0,-0.38,-7.43,0.0,0,0,13.21,-0.0,13.21,0.08,1,7,24.1,55.3,1010.1,0,0,0,0,stop,0.0
12.788,idle,0,-0.33,-7.3,0.0,0,0,13.21,-0.0,13.2,0.08,0,7,24.1,55.3,1010.1,0,0,0,0,stop,0.0
12.7881,idle,0,-0.19,-7.31,0.0,0,0,13.21,-0.0,13.21,0.08,1,6,24.1,55.3,1010.1,0,0,0,0,stop,0.0
12.7881,idle,0,-0.27,-7.4,0.0,0,0,13.21,-0.0,13.2,0.08,1,8,24.1,55.3,1010.1,0,0,0,0,stop,0.0
12.7881,idle,0,-0.16,-7.38,0.0,0,0,13.21,-0.0,13.21,0.08,1,7,24.1,55.3,1010.1,0,0,0,0,stop,0.0
12.7882,idle,0,-0.32,-7.45,0.0,0,0,13.21,-0.0,13.21,0.08,1,7,24.1,55.3,1010.1,0,0,0,0,stop,0.0
12.7882,idle,0,-0.16,-7.4,0.0,0,0,13.21,-0.0,13.2,0.08,2,7,24.1,55.3,1010.1,0,0,0,0,stop,0.0
12.7882,idle,0,-0.19,-7.33,0.0,0,0,13.21,-0.0,13.21,0.08,1,6,24.1,55.3,1010.1,0,0,0,0,stop,0.0
12.7882,idle,0,-0.39,-7.44,0.0,0,0,13.21,-0.0,13.21,0.08,1,7,24.1,55.3,1010.1,0,0,0,0,stop,0.0
12.7883,idle,0,-0.25,-7.38,0.0,0,0,13.21,-0.0,13.21,0.08,1,6,24.1,55.3,1010.1,0,0,0,0,stop,0.0
12.7883,idle,0,-0.32,-7.27,0.0,0,0,13.21,-0.0,13.2,0.08,3,6,24.1,55.3,1010.1,0,0,0,0,stop,0.0
12.7883,3,0,-0.32,-7.45,0.0,0,0,13.21,-0.0,13.21,0.08,1,5,24.1,55.3,1010.1,0,0,0,0,stop,0.0
12.7883,3,0,-0.82,-7.86,0.16,132,48,12.42,-0.0,12.49,3.98,1,6,24.1,55.3,1010.1,0,0,0,0,moving,0.0
12.7884,3,0,0.22,-7.54,0.32,601,231,12.99,-0.0,12.74,1.37,2,6,24.1,55.3,1010.1,0,0,0,0,moving,0.0
12.7884,3,0,-0.2,-7.32,0.5,1187,508,13.09,-0.0,13.07,1.57,1,6,24.1,55.3,1010.1,0,0,0,0,moving,0.0
12.7884,3,0,0.03,-7.03,0.67,1788,827,13.07,-0.0,13.15,0.53,1,5,24.1,55.2,1010.1,0,0,0,0,moving,0.0
12.7885,3,0,-0.42,-6.5,0.85,2361,1169,14.45,-0.0,14.4,0.39,2,6,24.1,55.3,1010.1,0,0,0,0,moving,0.0
12.7885,3,0,0.42,-7.16,1.04,2758,1529,13.08,-0.0,13.21,0.84,0,7,24.1,55.3,1010.1,0,0,0,0,moving,0.0
12.7885,3,0,0.06,-7.65,1.25,3055,1896,13.11,-0.0,13.12,0.62,1,7,24.1,55.3,1010.1,0,0,0,0,moving,0.0
12.7885,3,0,-0.06,-7.57,1.44,3301,2274,13.1,-0.0,13.18,0.43,1,7,24.1,55.3,1010.1,0,0,0,0,moving,0.0
12.7886,3,0,-0.21,-7.32,1.63,3485,2659,13.16,-0.0,13.1,0.68,1,6,24.1,55.3,1010.1,0,0,0,0,moving,0.0
12.7886,3,0,-0.21,-7.5,0.0,39,92,13.21,-0.0,13.21,0.08,1,7,24.1,55.3,1010.1,0,0,0,0,stop,0.0
12.7886,3,0,-0.19,-7.35,0.0,32,83,13.21,-0.0,13.21,0.08,2,6,24.1,55.4,1010.1,0,0,0,0,stop,0.0
12.7887,3,0,-0.73,-7.9,0.0,26,77,13.21,-0.0,13.2,0.08,0,7,24.1,55.3,1010.1,0,0,0,0,stop,0.0
12.7887,3,0,-0.61,-7.86,0.0,19,65,13.21,-0.0,13.2,0.08,1,7,24.1,55.3,1010.1,0,0,0,0,stop,0.0
12.7887,3,0,-0.46,-7.24,0.0,13,58,13.21,-0.0,13.2,0.08,0,6,24.1,55.3,1010.1,0,0,0,0,stop,0.0
12.7887,3,0,-0.51,-7.67,0.0,7,51,13.21,-0.0,13.21,0.07,2,4,24.1,55.3,1010.1,0,0,0,0,stop,0.0
12.7888,3,0,-0.44,-7.43,0.0,1,42,13.21,-0.0,13.2,0.08,1,7,24.1,55.3,1010.1,0,0,0,0,stop,0.0
12.7888,3,0,-0.57,-7.52,0.0,0,36,13.21,-0.0,13.2,0.08,1,6,24.1,55.3,1010.2,0,0,0,0,stop,0.0
12.7888,3,0,-0.52,-7.63,0.0,0,29,13.21,-0.0,13.21,0.08,1,7,24.1,55.3,1010.1,0,0,0,0,stop,0.0
12.7888,3,0,-0.36,-7.38,0.0,0,22,13.21,-0.0,13.21,0.08,2,6,24.1,55.3,1010.1,0,0,0,0,stop,0.0
12.7889,3,0,-0.65,-7.6,0.0,0,16,13.21,-0.0,13.2,0.08,1,7,24.1,55.3,1010.1,0,0,0,0,stop,0.0
12.7889,3,0,-0.44,-7.75,0.0,0,9,13.21,-0.0,13.21,0.08,1,6,24.1,55.3,1010.1,0,0,0,0,stop,0.0
12.7889,3,0,-0.44,-7.44,0.0,0,4,13.21,-0.0,13.2,0.08,1,8,24.1,55.3,1010.2,0,0,0,0,stop,0.0
12.789,3,0,-0.5,-7.67,0.0,0,0,13.21,-0.0,13.2,0.08,0,6,24.1,55.3,1010.2,0,0,0,0,stop,0.0
12.789,3,0,-0.49,-7.52,0.0,0,0,13.21,-0.0,13.21,0.08,1,7,24.1,55.3,1010.2,0,0,0,0,stop,0.0
12.789,3,0,-0.44,-7.58,0.0,0,0,13.21,-0.0,13.21,0.08,1,7,24.1,55.3,1010.1,0,0,0,0,stop,0.0
12.789,idle,0,-0.36,-7.43,0.0,0,0,13.21,-0.0,13.21,0.08,1,7,24.1,55.2,1010.1,0,0,0,0,stop,0.0
12.7891,idle,1,-0.46,-7.58,0.0,0,0,13.21,-0.0,13.2,0.08,1,7,24.1,55.3,1010.1,0,0,0,0,stop,0.0
12.7891,idle,0,-0.6,-7.57,0.0,0,0,13.21,-0.0,13.2,0.08,1,7,24.1,55.3,1010.2,0,0,0,0,stop,0.0
12.7891,idle,0,-0.52,-7.52,0.0,0,0,13.21,-0.0,13.2,0.08,1,6,24.1,55.3,1010.1,0,0,0,0,stop,0.0
12.7892,idle,0,-0.57,-7.48,0.0,0,0,13.22,-0.0,13.21,0.08,1,6,24.1,55.3,1010.1,0,0,0,0,stop,0.0
12.7892,idle,0,-0.44,-7.53,0.0,0,0,13.21,-0.0,13.2,0.08,0,6,24.1,55.3,1010.1,0,0,0,0,stop,0.0
12.7892,idle,0,-0.54,-7.55,0.0,0,0,13.21,-0.0,13.2,0.08,1,5,24.1,55.3,1010.1,0,0,0,0,stop,0.0
12.7892,idle,0,-0.44,-7.59,0.0,0,0,13.21,-0.0,13.2,0.08,1,7,24.1,55.3,1010.1,0,0,0,0,stop,0.0
12.7893,idle,0,-0.52,-7.58,0.0,0,0,13.21,-0.0,13.2,0.08,0,6,24.1,55.3,1010.1,0,0,0,0,stop,0.0
