timestamp,action_state,distance_scale,stop_certainty,policy_inference,state_instance,imu_roll,imu_pitch,imu_yaw,encoder_left,encoder_right,power_in_voltage,power_in_current,power_out_voltage,power_out_current,ldr_left,ldr_right,temperature,humidity,pressure,bumper_top,bumper_bottom,bumper_left,bumper_right,motion,Solar_In
14.5758,idle,0.3,0.0,0,0,-0.16,-6.8,0.0,0,0,13.17,-0.0,13.16,0.42,27,7,24.2,50.5,1017.5,0,0,0,0,stop,0.0
14.5758,idle,0.3,0.0,0,0,-0.31,-6.8,0.0,0,0,13.16,-0.0,13.15,0.44,20,6,24.2,50.5,1017.4,0,0,0,0,stop,0.0
14.5758,idle,0.3,0.0,0,1,-0.27,-6.77,0.0,0,0,13.18,-0.0,13.16,0.41,25,4,24.2,50.6,1017.4,0,0,0,0,stop,0.0
14.5758,idle,0.3,0.0,0,0,-0.2,-6.89,0.0,0,0,13.17,-0.0,13.16,0.42,20,14,24.2,50.5,1017.5,0,0,0,0,stop,0.0
14.5758,idle,0.3,0.0,0,0,-0.25,-6.81,0.0,0,0,13.17,-0.0,13.16,0.4,20,14,24.2,50.6,1017.4,0,0,0,0,stop,0.0
14.5759,idle,0.3,0.0,0,0,-0.28,-6.7,0.0,0,0,13.17,-0.0,13.16,0.43,25,13,24.2,50.5,1017.5,0,0,0,0,stop,0.0
14.5759,idle,0.3,0.0,0,0,-0.2,-6.71,0.0,0,0,13.17,-0.0,13.16,0.4,20,14,24.2,50.5,1017.4,0,0,0,0,stop,0.0
14.5759,idle,0.3,0.0,0,0,-0.27,-6.81,0.0,0,0,13.17,-0.0,13.16,0.42,21,11,24.2,50.5,1017.4,0,0,0,0,stop,0.0
14.576,idle,0.3,0.0,0,0,-0.25,-6.85,0.0,0,0,13.17,-0.0,13.14,0.42,24,13,24.2,50.5,1017.4,0,0,0,0,stop,0.0
14.576,idle,0.3,0.0,0,0,-0.17,-6.85,0.0,0,0,13.16,-0.0,13.15,0.43,20,7,24.2,50.5,1017.5,0,0,0,0,stop,0.0
14.576,idle,0.3,0.0,0,0,-0.33,-6.68,0.0,0,0,13.17,-0.0,13.16,0.4,26,9,24.2,50.5,1017.4,0,0,0,0,stop,0.0
14.576,idle,0.3,0.0,0,0,-0.24,-6.83,0.0,0,0,13.17,-0.0,13.16,0.42,24,7,24.2,50.5,1017.4,0,0,0,0,stop,0.0
14.5761,idle,0.3,0.0,0,0,-0.24,-6.81,0.0,0,0,13.17,-0.0,13.16,0.41,29,10,24.2,50.5,1017.4,0,0,0,0,stop,0.0
14.5761,idle,0.3,0.0,0,0,-0.31,-6.92,0.0,0,0,13.17,-0.0,13.15,0.42,28,9,24.2,50.5,1017.4,0,0,0,0,stop,0.0
14.5761,idle,0.3,0.0,0,0,-0.24,-6.9,0.0,0,0,13.18,-0.0,13.16,0.4,23,6,24.2,50.5,1017.4,0,0,0,0,stop,0.0
14.5761,idle,0.3,0.0,0,0,-0.17,-6.89,0.0,0,0,13.17,-0.0,13.16,0.4,23,6,24.2,50.5,1017.4,0,0,0,0,stop,0.0
14.5762,idle,0.3,0.0,0,0,-0.19,-6.85,0.0,0,0,13.17,-0.0,13.16,0.41,23,15,24.2,50.5,1017.4,0,0,0,0,stop,0.0
14.5762,idle,0.3,0.0,0,0,-0.19,-6.74,0.0,0,0,13.17,-0.0,13.14,0.53,27,9,24.2,50.5,1017.4,0,0,0,0,stop,0.0
14.5762,idle,0.3,0.0,0,0,-0.22,-6.93,0.0,0,0,13.17,-0.0,13.14,0.47,26,10,24.2,50.5,1017.4,0,0,0,0,stop,0.0
14.5763,idle,0.3,0.0,0,0,-0.19,-6.82,0.0,0,0,13.17,-0.0,13.16,0.41,22,11,24.2,50.5,1017.4,0,0,0,0,stop,0.0
14.5763,idle,0.3,0.0,0,0,-0.16,-6.79,0.0,0,0,13.18,-0.0,13.16,0.41,22,7,24.2,50.5,1017.4,0,0,0,0,stop,0.0
14.5763,idle,0.3,0.0,0,0,-0.2,-6.94,0.0,0,0,13.18,-0.0,13.16,0.41,22,14,24.2,50.5,1017.4,0,0,0,0,stop,0.0
14.5763,idle,0.3,0.0,1,0,-0.32,-6.9,0.0,0,0,13.17,-0.0,13.16,0.4,25,12,24.2,50.5,1017.4,0,0,0,0,stop,0.0
14.5764,5,0.3000001311302185,3.877614603830909e-22,0,0,-0.22,-6.92,0.09,0,0,13.18,-0.0,13.16,0.42,27,11,24.2,50.5,1017.5,0,0,0,0,moving,0.0
14.5764,5,0.3000001311302185,3.877614603830909e-22,0,0,-0.05,-6.29,0.22,111,-113,12.56,-0.0,12.78,3.14,23,6,24.2,50.5,1017.4,0,0,0,0,moving,0.0
14.5764,5,0.3000001311302185,3.877614603830909e-22,0,0,-0.56,-7.01,0.4,471,-485,13.06,-0.0,12.86,3.11,19,11,24.2,50.5,1017.5,0,0,0,0,moving,0.0
14.5765,5,0.3000001311302185,3.877614603830909e-22,0,0,0.08,-6.86,0.58,905,-937,13.04,-0.0,13.0,1.29,22,11,24.2,50.6,1017.4,0,0,0,0,moving,0.0
14.5765,5,0.3000001311302185,3.877614603830909e-22,0,0,-0.3,-7.49,0.82,1354,-1407,13.07,-0.0,13.06,1.93,27,14,24.2,50.5,1017.5,0,0,0,0,moving,0.0
14.5765,5,0.3000001311302185,3.877614603830909e-22,0,0,-2.51,-11.45,0.97,1806,-1881,12.97,-0.0,13.11,0.7,22,11,24.2,50.5,1017.4,0,0,0,0,moving,0.0
14.5765,5,0.3000001311302185,3.877614603830909e-22,0,0,0.98,-5.45,1.16,2253,-2351,13.13,-0.0,12.92,2.38,23,6,24.2,50.6,1017.4,0,0,0,0,moving,0.0
14.5766,5,0.3000001311302185,3.877614603830909e-22,0,0,-0.19,-7.31,1.32,2707,-2826,12.96,-0.0,13.1,2.44,25,11,24.2,50.5,1017.4,0,0,0,0,moving,0.0
14.5766,5,0.3000001311302185,3.877614603830909e-22,0,0,-1.04,-8.14,1.48,3162,-3300,13.0,-0.0,12.89,0.7,25,8,24.2,50.5,1017.4,0,0,0,0,moving,0.0
14.5766,5,0.3000001311302185,3.877614603830909e-22,0,0,0.57,-6.62,1.67,3620,-3775,13.03,-0.0,12.96,1.99,19,17,24.2,50.5,1017.5,0,0,0,0,moving,0.0
14.5766,5,0.3000001311302185,3.877614603830909e-22,0,0,-1.14,-6.76,1.83,4079,-4250,13.1,-0.0,13.02,1.06,16,10,24.2,50.6,1017.4,0,0,0,0,moving,0.0
14.5767,5,0.3000001311302185,3.877614603830909e-22,0,0,0.4,-7.07,1.99,4535,-4723,12.98,-0.0,13.0,1.61,24,9,24.2,50.5,1017.5,0,0,0,0,moving,0.0
14.5767,5,0.3000001311302185,3.877614603830909e-22,0,0,-0.33,-6.96,2.15,4996,-5198,13.17,-0.0,12.95,0.88,19,7,24.2,50.6,1017.5,0,0,0,0,moving,0.0
14.5767,5,0.3000001311302185,3.877614603830909e-22,0,0,-0.09,-6.16,2.37,5460,-5674,13.15,-0.0,12.91,2.24,27,8,24.2,50.5,1017.4,0,0,0,0,moving,0.0
14.5768,5,0.3000001311302185,3.877614603830909e-22,0,0,0.03,-6.77,2.63,5919,-6147,13.01,-0.0,13.15,0.67,20,8,24.2,50.5,1017.5,0,0,0,0,moving,0.0
14.5768,5,0.3000001311302185,3.877614603830909e-22,0,0,-2.11,-7.01,2.76,6379,-6623,13.03,-0.0,12.91,0.4,27,13,24.2,50.5,1017.4,0,0,0,0,moving,0.0
14.5768,5,0.3000001311302185,3.877614603830909e-22,0,0,3.17,-7.49,2.88,6840,-7099,13.13,-0.0,13.12,2.21,27,5,24.2,50.5,1017.4,0,0,0,0,moving,0.0
14.5769,5,0.3000001311302185,3.877614603830909e-22,0,0,-1.85,-4.97,2.99,7296,-7571,13.13,-0.0,13.04,0.84,24,15,24.2,50.5,1017.4,0,0,0,0,moving,0.0
14.5769,5,0.3000001311302185,3.877614603830909e-22,0,0,-1.78,-7.48,3.08,7756,-8047,12.96,-0.0,12.99,1.83,22,14,24.2,50.5,1017.4,0,0,0,0,moving,0.0
14.5769,5,0.3000001311302185,3.877614603830909e-22,0,0,-1.25,-6.65,3.21,8215,-8523,13.12,-0.0,12.97,1.12,27,10,24.2,50.5,1017.4,0,0,0,0,moving,0.0
14.5769,5,0.3000001311302185,3.877614603830909e-22,0,0,0.4,-6.85,3.38,8667,-8993,13.06,-0.0,12.89,2.17,20,7,24.2,50.5,1017.4,0,0,0,0,moving,0.0
14.577,5,0.3000001311302185,3.877614603830909e-22,0,0,-1.36,-6.6,3.5,9125,-9469,13.12,-0.0,13.1,0.44,21,9,24.2,50.5,1017.4,0,0,0,0,moving,0.0
14.577,5,0.3000001311302185,3.877614603830909e-22,0,0,-0.77,-7.37,3.52,9580,-9945,12.95,-0.0,12.9,2.34,22,4,24.2,50.5,1017.5,0,0,0,0,moving,0.0
14.577,5,0.3000001311302185,3.877614603830909e-22,0,0,0.25,-6.8,3.65,10030,-10416,13.13,-0.0,12.92,2.39,26,15,24.2,50.5,1017.4,0,0,0,0,moving,0.0
14.577,5,0.3000001311302185,3.877614603830909e-22,0,0,0.43,-4.39,3.46,10485,-10892,13.13,-0.0,13.07,0.65,32,10,24.2,50.5,1017.5,0,0,0,0,moving,0.0
14.5771,5,0.3000001311302185,3.877614603830909e-22,0,0,0.09,-3.07,-0.28,10938,-11367,12.98,-0.0,12.98,2.18,32,5,24.2,50.5,1017.5,0,0,0,0,moving,0.0
14.5771,5,0.3000001311302185,3.877614603830909e-22,0,0,-0.92,-6.21,-5.94,11388,-11838,13.02,-0.0,12.99,1.24,24,5,24.2,50.4,1017.5,0,0,0,0,moving,0.0
14.5771,5,0.3000001311302185,3.877614603830909e-22,0,0,-2.04,-9.16,-11.6,11842,-12313,13.12,-0.0,13.05,1.87,25,3,24.2,50.5,1017.4,0,0,0,0,moving,0.0
14.5771,5,0.3000001311302185,3.877614603830909e-22,0,0,0.99,-7.37,-16.73,12298,-12788,12.96,-0.0,13.11,0.78,21,8,24.2,50.5,1017.4,0,0,0,0,moving,0.0
14.5772,5,0.3000001311302185,3.877614603830909e-22,0,0,0.19,-6.69,-21.46,12751,-13259,12.98,-0.0,12.88,2.33,26,3,24.2,50.5,1017.4,0,0,0,0,moving,0.0
14.5772,5,0.3000001311302185,3.877614603830909e-22,0,0,-0.24,-7.88,-25.91,13208,-13734,13.1,-0.0,13.12,2.37,24,8,24.2,50.5,1017.4,0,0,0,0,moving,0.0
14.5772,5,0.3000001311302185,3.877614603830909e-22,0,0,-0.23,-6.7,-29.76,13667,-14210,13.04,-0.0,12.92,0.6,22,11,24.2,50.5,1017.5,0,0,0,0,moving,0.0
14.5773,5,0.3000001311302185,3.877614603830909e-22,0,0,-0.37,-7.12,-33.38,14123,-14681,13.11,-0.0,12.97,1.82,28,7,24.2,50.5,1017.4,0,0,0,0,moving,0.0
14.5773,5,0.3000001311302185,3.877614603830909e-22,0,0,0.78,-7.75,-36.44,14583,-15157,12.97,-0.0,13.04,0.91,21,8,24.2,50.5,1017.4,0,0,0,0,moving,0.0
14.5773,5,0.3000001311302185,3.877614603830909e-22,0,0,-2.61,-10.04,-38.39,15044,-15634,13.14,-0.0,12.99,1.81,18,8,24.2,50.5,1017.4,0,0,0,0,moving,0.0
14.5774,5,0.3000001311302185,3.877614603830909e-22,0,0,0.64,-5.2,-39.79,15500,-16107,12.97,-0.0,13.1,0.82,24,4,24.2,50.5,1017.4,0,0,0,0,moving,0.0
14.5774,5,0.3000001311302185,3.877614603830909e-22,0,0,-2.04,-7.14,-40.81,15957,-16583,13.1,-0.0,12.92,2.32,20,11,24.2,50.5,1017.5,0,0,0,0,moving,0.0
14.5774,5,0.3000001311302185,3.877614603830909e-22,0,0,-0.93,-6.29,-41.72,16413,-17058,13.02,-0.0,13.11,0.63,18,5,24.2,50.4,1017.5,0,0,0,0,moving,0.0
14.5774,5,0.3000001311302185,3.877614603830909e-22,0,0,0.41,-6.9,-42.77,16866,-17532,13.13,-0.0,12.87,0.67,14,11,24.2,50.5,1017.5,0,0,0,0,moving,0.0
14.5775,5,0.3000001311302185,3.877614603830909e-22,0,0,0.75,-6.73,-44.04,17319,-18008,12.94,-0.0,13.11,2.25,19,4,24.2,50.6,1017.4,0,0,0,0,moving,0.0
14.5775,5,0.3000001311302185,3.877614603830909e-22,0,0,-0.24,-6.57,-46.11,17767,-18478,13.13,-0.0,13.05,0.85,13,13,24.2,50.5,1017.5,0,0,0,0,moving,0.0
14.5775,5,0.3000001311302185,3.877614603830909e-22,0,0,-0.65,-7.24,-48.73,18217,-18952,13.09,-0.0,12.98,1.75,21,4,24.2,50.6,1017.4,0,0,0,0,moving,0.0
14.5775,5,0.3000001311302185,3.877614603830909e-22,0,0,0.13,-6.67,-51.78,18667,-19427,13.04,-0.0,12.95,1.24,18,0,24.2,50.5,1017.4,0,0,0,0,moving,0.0
14.5776,5,0.3000001311302185,3.877614603830909e-22,0,0,-0.87,-7.43,-55.09,19113,-19897,13.03,-0.0,12.92,2.15,14,0,24.2,50.5,1017.4,0,0,0,0,moving,0.0
14.5776,5,0.3000001311302185,3.877614603830909e-22,0,0,-2.7,-9.17,-58.23,19562,-20372,13.11,-0.0,13.09,0.59,24,4,24.2,50.5,1017.4,0,0,0,0,moving,0.0
14.5776,5,0.3000001311302185,3.877614603830909e-22,0,0,-0.62,-7.22,0.0,114,-123,13.16,-0.0,13.15,0.41,14,7,24.2,50.5,1017.4,0,0,0,0,stop,0.0
14.5777,5,0.3000001311302185,3.877614603830909e-22,0,0,-0.27,-7.44,0.0,96,-107,13.16,-0.0,13.15,0.41,14,10,24.2,50.5,1017.4,0,0,0,0,stop,0.0
14.5777,5,0.3000001311302185,3.877614603830909e-22,0,0,-1.5,-5.99,0.0,84,-97,13.16,-0.0,13.15,0.41,14,9,24.2,50.5,1017.4,0,0,0,0,stop,0.0
14.5777,5,0.3000001311302185,3.877614603830909e-22,0,0,-1.09,-6.52,-2.32,5,-7,13.16,-0.0,13.15,0.41,19,8,24.2,50.5,1017.4,0,0,0,0,moving,0.0
14.5777,5,0.3000001311302185,3.877614603830909e-22,0,0,-1.19,-6.37,-4.23,369,-236,12.93,-0.0,12.82,2.84,18,2,24.2,50.5,1017.4,0,0,0,0,moving,0.0
14.5778,5,0.3000001311302185,3.877614603830909e-22,0,0,-2.23,-6.38,-5.17,929,-260,13.0,-0.0,13.02,2.18,16,1,24.2,50.5,1017.4,0,0,0,0,moving,0.0
14.5778,5,0.3000001311302185,3.877614603830909e-22,0,0,-2.88,-6.78,-4.91,1538,-156,13.01,-0.0,12.98,1.22,19,7,24.2,50.5,1017.4,0,0,0,0,moving,0.0
14.5778,5,0.3000001311302185,3.877614603830909e-22,0,0,0.48,-5.47,-4.58,2155,21,13.1,-0.0,13.06,1.18,15,2,24.2,50.5,1017.4,0,0,0,0,moving,0.0
14.5779,5,0.3000001311302185,3.877614603830909e-22,0,0,0.81,-7.28,-4.32,2778,246,13.09,-0.0,13.0,1.42,20,9,24.2,50.5,1017.4,0,0,0,0,moving,0.0
14.5779,5,0.3000001311302185,3.877614603830909e-22,0,0,-1.31,-4.76,-4.19,3292,507,13.1,-0.0,13.11,0.78,11,2,24.2,50.5,1017.4,0,0,0,0,moving,0.0
14.5779,5,0.3000001311302185,3.877614603830909e-22,0,0,-0.78,-9.29,0.0,82,80,13.16,-0.0,13.14,0.41,19,9,24.2,50.5,1017.4,0,0,0,0,stop,0.0
14.5779,5,0.3000001311302185,3.877614603830909e-22,0,0,0.66,-4.98,0.0,70,71,13.16,-0.0,13.14,0.44,11,11,24.2,50.5,1017.4,0,0,0,0,stop,0.0
14.578,5,0.3000001311302185,3.877614603830909e-22,0,0,-1.29,-7.84,0.0,60,64,13.16,-0.0,13.14,0.41,19,11,24.2,50.5,1017.4,0,0,0,0,stop,0.0
14.578,idle,0.3000001311302185,3.877614603830909e-22,0,0,-0.33,-5.92,0.0,46,54,13.15,-0.0,13.14,0.53,17,11,24.2,50.5,1017.4,0,0,0,0,stop,0.0
14.578,idle,0.3000001311302185,3.877614603830909e-22,0,1,0.14,-6.25,0.0,34,45,13.16,-0.0,13.14,0.41,12,14,24.2,50.5,1017.4,0,0,0,0,stop,0.0
14.5781,idle,0.3000001311302185,3.877614603830909e-22,0,0,-0.84,-6.81,0.0,23,38,13.16,-0.0,13.15,0.41,20,12,24.2,50.5,1017.4,0,0,0,0,stop,0.0
14.5781,idle,0.3000001311302185,3.877614603830909e-22,0,0,-0.33,-6.25,0.0,11,29,13.16,-0.0,13.14,0.41,12,16,24.2,50.5,1017.4,0,0,0,0,stop,0.0
14.5781,idle,0.3000001311302185,3.877614603830909e-22,0,0,-0.47,-6.53,0.0,-1,23,13.16,-0.0,13.15,0.41,14,6,24.2,50.6,1017.4,0,0,0,0,stop,0.0
14.5781,idle,0.3000001311302185,3.877614603830909e-22,0,0,-0.54,-6.62,0.0,0,16,13.16,-0.0,13.15,0.41,17,8,24.2,50.5,1017.4,0,0,0,0,stop,0.0
14.5782,idle,0.3000001311302185,3.877614603830909e-22,0,0,-0.22,-6.29,0.0,0,10,13.16,-0.0,13.15,0.41,20,12,24.2,50.5,1017.4,0,0,0,0,stop,0.0
14.5782,idle,0.3000001311302185,3.877614603830909e-22,0,0,-0.39,-6.32,0.0,0,4,13.15,-0.0,13.14,0.41,14,14,24.2,50.5,1017.5,0,0,0,0,stop,0.0
14.5782,idle,0.3000001311302185,3.877614603830909e-22,0,0,-0.35,-6.51,0.0,0,-1,13.15,-0.0,13.13,0.44,11,15,24.2,50.5,1017.5,0,0,0,0,stop,0.0
14.5782,idle,0.3000001311302185,3.877614603830909e-22,0,0,-0.44,-6.4,0.0,0,0,13.16,-0.0,13.15,0.41,19,11,24.2,50.5,1017.4,0,0,0,0,stop,0.0
14.5783,idle,0.3000001311302185,3.877614603830909e-22,0,0,-0.5,-6.43,0.0,0,0,13.16,-0.0,13.15,0.41,18,13,24.2,50.5,1017.4,0,0,0,0,stop,0.0
14.5783,idle,0.3000001311302185,3.877614603830909e-22,0,0,-0.42,-6.52,0.0,0,0,13.16,-0.0,13.15,0.41,19,6,24.2,50.5,1017.4,0,0,0,0,stop,0.0
14.5783,idle,0.3000001311302185,3.877614603830909e-22,0,0,-0.5,-6.4,0.0,0,0,13.16,-0.0,13.15,0.41,17,9,24.2,50.5,1017.4,0,0,0,0,stop,0.0
14.5783,idle,0.3000001311302185,3.877614603830909e-22,0,0,-0.47,-6.41,0.0,0,0,13.16,-0.0,13.15,0.42,16,7,24.2,50.5,1017.4,0,0,0,0,stop,0.0
14.5784,idle,0.3000001311302185,3.877614603830909e-22,0,0,-0.45,-6.42,0.0,0,0,13.16,-0.0,13.15,0.41,19,13,24.2,50.6,1017.5,0,0,0,0,stop,0.0
14.5784,idle,0.3000001311302185,3.877614603830909e-22,0,0,-0.47,-6.51,0.0,0,0,13.16,-0.0,13.15,0.42,19,10,24.2,50.5,1017.5,0,0,0,0,stop,0.0
14.5784,idle,0.3000001311302185,3.877614603830909e-22,0,0,-0.39,-6.5,0.0,0,0,13.14,-0.0,13.14,0.42,18,6,24.2,50.5,1017.4,0,0,0,0,stop,0.0
14.5785,idle,0.3000001311302185,3.877614603830909e-22,0,0,-0.47,-6.41,0.0,0,0,13.15,-0.0,13.14,0.51,13,4,24.2,50.5,1017.4,0,0,0,0,stop,0.0
14.5785,idle,0.3000001311302185,3.877614603830909e-22,0,0,-0.42,-6.39,0.0,0,0,13.16,-0.0,13.15,0.41,15,7,24.2,50.5,1017.4,0,0,0,0,stop,0.0
14.5785,idle,0.3000001311302185,3.877614603830909e-22,0,0,-0.52,-6.38,0.0,0,0,13.16,-0.0,13.15,0.42,18,13,24.2,50.5,1017.4,0,0,0,0,stop,0.0
14.5785,idle,0.3000001311302185,3.877614603830909e-22,0,0,-0.46,-6.38,0.0,0,0,13.16,-0.0,13.15,0.41,15,8,24.2,50.5,1017.4,0,0,0,0,stop,0.0
14.5786,idle,0.3000001311302185,3.877614603830909e-22,0,0,-0.44,-6.48,0.0,0,0,13.16,-0.0,13.15,0.42,13,8,24.2,50.5,1017.4,0,0,0,0,stop,0.0
14.5786,idle,0.3000001311302185,3.877614603830909e-22,0,0,-0.54,-6.53,0.0,0,0,13.17,-0.0,13.15,0.41,15,13,24.2,50.5,1017.4,0,0,0,0,stop,0.0
14.5786,idle,0.3000001311302185,3.877614603830909e-22,0,0,-0.44,-6.49,0.0,0,0,13.17,-0.0,13.15,0.41,13,11,24.2,50.5,1017.4,0,0,0,0,stop,0.0
14.5787,idle,0.3000001311302185,3.877614603830909e-22,0,0,-0.42,-6.48,0.0,0,0,13.15,-0.0,13.14,0.42,17,8,24.2,50.5,1017.4,0,0,0,0,stop,0.0
14.5787,idle,0.3000001311302185,3.877614603830909e-22,0,0,-0.33,-6.34,0.0,0,0,13.15,-0.0,13.14,0.45,17,10,24.2,50.5,1017.4,0,0,0,0,stop,0.0
14.5787,idle,0.3000001311302185,3.877614603830909e-22,1,0,-0.49,-6.47,0.0,0,0,13.16,-0.0,13.15,0.42,11,10,24.2,50.5,1017.4,0,0,0,0,stop,0.0
14.5787,3,0.30000007152557373,4.290425894186299e-22,0,0,-0.35,-6.2,0.17,16,6,12.89,-0.0,12.82,2.94,19,17,24.2,50.5,1017.4,0,0,0,0,moving,0.0
14.5788,3,0.30000007152557373,4.290425894186299e-22,0,0,-0.65,-6.38,0.34,333,125,12.77,-0.0,12.7,3.75,19,9,24.2,50.5,1017.4,0,0,0,0,moving,0.0
14.5788,3,0.30000007152557373,4.290425894186299e-22,0,0,0.03,-7.22,0.53,868,356,13.03,-0.0,13.0,2.37,14,15,24.2,50.5,1017.4,0,0,0,0,moving,0.0
14.5788,3,0.30000007152557373,4.290425894186299e-22,0,0,-0.56,-5.7,0.73,1453,657,13.04,-0.0,13.05,0.93,17,10,24.2,50.5,1017.4,0,0,0,0,moving,0.0
14.5788,3,0.30000007152557373,4.290425894186299e-22,0,0,-0.87,-6.96,0.93,2034,988,13.09,-0.0,13.02,1.21,19,13,24.2,50.5,1017.4,0,0,0,0,moving,0.0
14.5789,3,0.30000007152557373,4.290425894186299e-22,0,0,-1.36,-7.03,1.08,2502,1332,13.15,-0.0,13.13,0.23,16,8,24.2,50.5,1017.4,0,0,0,0,moving,0.0
14.5789,3,0.30000007152557373,4.290425894186299e-22,0,0,-0.35,-7.27,1.22,2820,1692,13.07,-0.0,13.03,1.02,14,9,24.2,50.5,1017.4,0,0,0,0,moving,0.0
14.5789,3,0.30000007152557373,4.290425894186299e-22,0,0,-0.32,-6.41,1.41,3091,2062,13.1,-0.0,13.07,0.7,12,14,24.2,50.5,1017.4,0,0,0,0,moving,0.0
14.579,3,0.30000007152557373,4.290425894186299e-22,0,0,-0.99,-5.91,1.6,3290,2436,13.09,-0.0,13.06,1.01,12,11,24.2,50.5,1017.4,0,0,0,0,moving,0.0
14.579,3,0.30000007152557373,4.290425894186299e-22,0,0,-1.1,-6.76,1.78,3458,2820,13.1,-0.0,13.08,0.78,19,10,24.2,50.5,1017.4,0,0,0,0,moving,0.0
14.579,3,0.30000007152557373,4.290425894186299e-22,0,0,-0.34,-5.54,0.0,38,99,13.16,-0.0,13.15,0.41,19,13,24.2,50.5,1017.4,0,0,0,0,stop,0.0
14.579,3,0.30000007152557373,4.290425894186299e-22,0,0,-0.14,-7.94,0.0,28,87,13.16,-0.0,13.15,0.41,12,15,24.2,50.6,1017.4,0,0,0,0,stop,0.0
14.5791,3,0.30000007152557373,4.290425894186299e-22,0,0,-0.44,-4.76,0.0,20,80,13.16,-0.0,13.15,0.42,13,9,24.2,50.5,1017.4,0,0,0,0,stop,0.0
14.5791,idle,0.30000007152557373,4.290425894186299e-22,0,1,-0.78,-7.62,0.0,11,71,13.15,-0.0,13.15,0.42,16,8,24.2,50.5,1017.4,0,0,0,0,stop,0.0
14.5791,idle,0.30000007152557373,4.290425894186299e-22,0,0,0.52,-7.12,0.0,3,60,13.15,-0.0,13.13,0.44,15,12,24.2,50.5,1017.4,0,0,0,0,stop,0.0
14.5792,idle,0.30000007152557373,4.290425894186299e-22,0,0,-0.95,-7.56,0.0,0,54,13.16,-0.0,13.15,0.42,12,13,24.2,50.6,1017.4,0,0,0,0,stop,0.0
14.5792,idle,0.30000007152557373,4.290425894186299e-22,0,0,-1.44,-6.3,0.0,0,46,13.16,-0.0,13.15,0.41,14,8,24.2,50.5,1017.4,0,0,0,0,stop,0.0
14.5792,idle,0.30000007152557373,4.290425894186299e-22,0,0,-0.63,-9.12,0.0,0,37,13.16,-0.0,13.15,0.41,20,14,24.2,50.5,1017.4,0,0,0,0,stop,0.0
14.5792,idle,0.30000007152557373,4.290425894186299e-22,0,0,-1.45,-7.22,0.0,0,30,13.16,-0.0,13.15,0.41,17,10,24.2,50.5,1017.4,0,0,0,0,stop,0.0
14.5793,idle,0.30000007152557373,4.290425894186299e-22,0,0,-2.66,-9.4,0.0,0,23,13.16,-0.0,13.15,0.41,18,15,24.2,50.5,1017.4,0,0,0,0,stop,0.0
14.5793,idle,0.30000007152557373,4.290425894186299e-22,0,0,0.57,-7.7,0.0,0,17,13.16,-0.0,13.15,0.41,16,14,24.2,50.6,1017.4,0,0,0,0,stop,0.0
14.5793,idle,0.30000007152557373,4.290425894186299e-22,0,0,0.35,-7.47,0.0,0,10,13.16,-0.0,13.15,0.42,15,11,24.2,50.5,1017.4,0,0,0,0,stop,0.0
14.5793,idle,0.30000007152557373,4.290425894186299e-22,0,0,-0.59,-5.16,0.0,0,5,13.15,-0.0,13.13,0.47,19,9,24.2,50.5,1017.4,0,0,0,0,stop,0.0
14.5794,idle,0.30000007152557373,4.290425894186299e-22,0,0,1.11,0.33,0.0,0,-2,13.16,-0.0,13.15,0.41,15,9,24.2,50.6,1017.4,0,0,0,0,stop,0.0
14.5794,idle,0.30000007152557373,4.290425894186299e-22,0,0,1.92,-2.77,0.0,0,0,13.16,-0.0,13.15,0.42,15,11,24.2,50.5,1017.4,0,0,0,0,stop,0.0
14.5794,idle,0.30000007152557373,4.290425894186299e-22,0,0,0.84,-9.17,0.0,0,0,13.17,-0.0,13.15,0.41,21,6,24.2,50.5,1017.4,0,0,0,0,stop,0.0
14.5795,idle,0.30000007152557373,4.290425894186299e-22,0,0,-1.49,-5.16,0.0,0,0,13.16,-0.0,13.14,0.43,22,10,24.2,50.6,1017.4,0,0,0,0,stop,0.0
14.5795,idle,0.30000007152557373,4.290425894186299e-22,0,0,0.13,-6.78,0.0,0,0,13.16,-0.0,13.15,0.4,24,11,24.2,50.5,1017.4,0,0,0,0,stop,0.0
14.5795,idle,0.30000007152557373,4.290425894186299e-22,0,0,-0.03,-6.96,0.0,0,0,13.16,-0.0,13.15,0.42,17,12,24.2,50.5,1017.4,0,0,0,0,stop,0.0
14.5795,idle,0.30000007152557373,4.290425894186299e-22,0,0,-0.96,-6.32,0.0,0,0,13.16,-0.0,13.14,0.42,23,7,24.2,50.5,1017.4,0,0,0,0,stop,0.0
14.5796,idle,0.30000007152557373,4.290425894186299e-22,0,0,0.22,-6.8,0.0,0,0,13.15,-0.0,13.14,0.43,14,4,24.2,50.5,1017.4,0,0,0,0,stop,0.0
14.5796,idle,0.30000007152557373,4.290425894186299e-22,0,0,-0.39,-6.64,0.0,0,0,13.16,-0.0,13.15,0.4,17,2,24.2,50.5,1017.4,0,0,0,0,stop,0.0
14.5796,idle,0.30000007152557373,4.290425894186299e-22,0,0,-0.6,-6.39,0.0,0,0,13.17,-0.0,13.15,0.42,16,6,24.2,50.5,1017.4,0,0,0,0,stop,0.0
14.5797,idle,0.30000007152557373,4.290425894186299e-22,0,0,0.06,-6.89,0.0,0,0,13.17,-0.0,13.15,0.41,24,9,24.2,50.5,1017.4,0,0,0,0,stop,0.0
14.5797,idle,0.30000007152557373,4.290425894186299e-22,0,0,-0.44,-6.53,0.0,0,0,13.16,-0.0,13.15,0.42,16,10,24.2,50.5,1017.4,0,0,0,0,stop,0.0
14.5797,idle,0.30000007152557373,4.290425894186299e-22,0,0,-0.36,-6.59,0.0,0,0,13.17,-0.0,13.15,0.4,19,5,24.2,50.6,1017.4,0,0,0,0,stop,0.0
14.5797,idle,0.30000007152557373,4.290425894186299e-22,0,0,-0.17,-6.77,0.0,0,0,13.16,-0.0,13.14,0.42,18,4,24.2,50.5,1017.5,0,0,0,0,stop,0.0
14.5798,idle,0.30000007152557373,4.290425894186299e-22,0,0,-0.55,-6.53,0.0,0,0,13.14,-0.0,13.15,0.53,18,2,24.2,50.5,1017.4,0,0,0,0,stop,0.0
14.5798,idle,0.30000007152557373,4.290425894186299e-22,0,0,-0.22,-6.56,0.0,0,0,13.16,-0.0,13.14,0.58,13,10,24.2,50.5,1017.5,0,0,0,0,stop,0.0
14.5798,idle,0.30000007152557373,4.290425894186299e-22,0,0,-0.28,-6.6,0.0,0,0,13.17,-0.0,13.14,0.4,21,7,24.2,50.5,1017.4,0,0,0,0,stop,0.0
14.5798,idle,0.30000007152557373,4.290425894186299e-22,0,0,-0.28,-6.64,0.0,0,0,13.17,-0.0,13.15,0.4,19,4,24.2,50.5,1017.5,0,0,0,0,stop,0.0
14.5799,idle,0.30000007152557373,4.290425894186299e-22,0,0,-0.25,-6.61,0.0,0,0,13.17,-0.0,13.15,0.41,23,5,24.2,50.5,1017.4,0,0,0,0,stop,0.0
14.5799,idle,0.30000007152557373,4.290425894186299e-22,0,0,-0.49,-6.62,0.0,0,0,13.16,-0.0,13.15,0.42,18,7,24.2,50.6,1017.5,0,0,0,0,stop,0.0
14.5799,idle,0.30000007152557373,4.290425894186299e-22,0,0,-0.39,-6.53,0.0,0,0,13.17,-0.0,13.15,0.41,18,4,24.2,50.5,1017.5,0,0,0,0,stop,0.0
14.58,idle,0.30000007152557373,4.290425894186299e-22,0,0,-0.32,-6.48,0.0,0,0,13.17,-0.0,13.15,0.42,15,10,24.2,50.6,1017.4,0,0,0,0,stop,0.0
14.58,idle,0.30000007152557373,4.290425894186299e-22,0,0,-0.24,-6.58,0.0,0,0,13.16,-0.0,13.15,0.42,20,6,24.2,50.5,1017.4,0,0,0,0,stop,0.0
14.58,idle,0.30000007152557373,4.290425894186299e-22,0,0,-0.36,-6.55,0.0,0,0,13.16,-0.0,13.13,0.45,19,2,24.2,50.6,1017.4,0,0,0,0,stop,0.0
14.5801,2,0.30000007152557373,4.958333849144522e-22,0,0,-0.41,-6.64,0.0,0,0,13.17,-0.0,13.13,0.5,22,7,24.2,50.5,1017.4,0,0,0,0,stop,0.0
14.5801,2,0.30000007152557373,4.958333849144522e-22,0,0,-0.3,-6.54,0.09,-10,10,12.92,-0.0,12.67,4.28,26,13,24.2,50.6,1017.5,0,0,0,0,moving,0.0
14.5801,2,0.30000007152557373,4.958333849144522e-22,0,0,-0.46,-6.82,0.25,-223,232,12.89,-0.0,12.73,3.08,31,8,24.2,50.6,1017.5,0,0,0,0,moving,0.0
14.5801,2,0.30000007152557373,4.958333849144522e-22,0,0,0.08,-6.43,0.48,-617,654,12.87,-0.0,12.9,2.36,24,5,24.2,50.5,1017.5,0,0,0,0,moving,0.0
14.5802,2,0.30000007152557373,4.958333849144522e-22,0,0,-0.35,-6.7,0.67,-1087,1160,13.04,-0.0,12.94,1.86,25,8,24.2,50.5,1017.5,0,0,0,0,moving,0.0
14.5802,2,0.30000007152557373,4.958333849144522e-22,0,0,-0.09,-6.09,0.88,-1596,1708,13.02,-0.0,13.02,1.77,16,8,24.2,50.6,1017.5,0,0,0,0,moving,0.0
14.5802,2,0.30000007152557373,4.958333849144522e-22,0,0,-0.84,-7.35,1.08,-2121,2273,13.03,-0.0,13.03,1.15,16,10,24.2,50.5,1017.5,0,0,0,0,moving,0.0
14.5802,2,0.30000007152557373,4.958333849144522e-22,0,0,-1.42,-7.26,1.3,-2648,2842,13.0,-0.0,12.93,1.94,22,4,24.2,50.6,1017.4,0,0,0,0,moving,0.0
14.5803,2,0.30000007152557373,4.958333849144522e-22,0,0,0.67,-6.32,1.52,-3194,3429,13.08,-0.0,13.05,1.03,22,10,24.2,50.5,1017.4,0,0,0,0,moving,0.0
14.5803,2,0.30000007152557373,4.958333849144522e-22,0,0,-0.44,-6.45,1.7,-3749,4020,13.02,-0.0,12.99,1.07,23,8,24.2,50.5,1017.4,0,0,0,0,moving,0.0
14.5803,2,0.30000007152557373,4.958333849144522e-22,0,0,-0.55,-6.28,1.88,-4306,4610,13.05,-0.0,13.02,1.47,16,8,24.2,50.5,1017.4,0,0,0,0,moving,0.0
14.5803,2,0.30000007152557373,4.958333849144522e-22,0,0,0.49,-6.49,2.07,-4875,5207,13.08,-0.0,13.03,1.29,16,7,24.2,50.6,1017.5,0,0,0,0,moving,0.0
14.5804,2,0.30000007152557373,4.958333849144522e-22,0,0,-0.67,-7.04,2.27,-5449,5806,13.06,-0.0,13.05,1.18,18,7,24.2,50.5,1017.4,0,0,0,0,moving,0.0
14.5804,2,0.30000007152557373,4.958333849144522e-22,0,0,-0.17,-6.28,2.49,-6019,6399,13.06,-0.0,13.07,0.94,20,10,24.2,50.6,1017.4,0,0,0,0,moving,0.0
14.5804,2,0.30000007152557373,4.958333849144522e-22,0,0,0.27,-6.01,2.74,-6596,6999,13.02,-0.0,13.01,1.43,22,11,24.2,50.6,1017.5,0,0,0,0,moving,0.0
14.5805,2,0.30000007152557373,4.958333849144522e-22,0,0,-2.85,-5.95,2.99,-7173,7599,13.07,-0.0,13.06,1.07,19,9,24.2,50.6,1017.4,0,0,0,0,moving,0.0
14.5805,2,0.30000007152557373,4.958333849144522e-22,0,0,1.34,-7.34,3.37,-7742,8194,13.06,-0.0,12.99,1.03,20,9,24.2,50.6,1017.4,0,0,0,0,moving,0.0
14.5805,2,0.30000007152557373,4.958333849144522e-22,0,0,-3.41,-10.73,4.71,-8315,8794,13.06,-0.0,13.02,1.38,20,8,24.2,50.6,1017.4,0,0,0,0,moving,0.0
14.5805,2,0.30000007152557373,4.958333849144522e-22,0,0,-2.92,-8.9,8.66,-8885,9394,13.05,-0.0,13.03,1.25,23,8,24.2,50.6,1017.4,0,0,0,0,moving,0.0
14.5806,2,0.30000007152557373,4.958333849144522e-22,0,0,-3.31,-10.87,15.13,-9447,9988,13.09,-0.0,13.03,1.26,21,5,24.2,50.6,1017.5,0,0,0,0,moving,0.0
14.5806,2,0.30000007152557373,4.958333849144522e-22,0,0,-1.21,-7.33,23.49,-10013,10588,13.04,-0.0,13.01,1.09,20,3,24.2,50.5,1017.4,0,0,0,0,moving,0.0
14.5806,2,0.30000007152557373,4.958333849144522e-22,0,0,1.39,-8.72,32.81,-10577,11188,13.08,-0.0,12.99,1.55,20,3,24.2,50.6,1017.4,0,0,0,0,moving,0.0
14.5807,2,0.30000007152557373,4.958333849144522e-22,0,0,1.95,-7.31,41.52,-11141,11786,13.06,-0.0,13.07,1.01,25,11,24.2,50.6,1017.4,0,0,0,0,moving,0.0
14.5807,2,0.30000007152557373,4.958333849144522e-22,0,0,1.48,-4.45,49.5,-11706,12385,13.05,-0.0,12.99,1.71,27,8,24.2,50.5,1017.5,0,0,0,0,moving,0.0
14.5807,2,0.30000007152557373,4.958333849144522e-22,0,0,2.77,-4.41,55.72,-12269,12980,13.05,-0.0,13.04,1.5,25,7,24.2,50.5,1017.4,0,0,0,0,moving,0.0
14.5807,2,0.30000007152557373,4.958333849144522e-22,0,0,3.28,-4.9,58.95,-12840,13579,13.09,-0.0,13.04,1.09,20,14,24.2,50.5,1017.4,0,0,0,0,moving,0.0
14.5808,2,0.30000007152557373,4.958333849144522e-22,0,0,-2.02,-6.7,60.75,-13418,14179,13.03,-0.0,13.02,1.37,22,10,24.2,50.5,1017.4,0,0,0,0,moving,0.0
14.5808,2,0.30000007152557373,4.958333849144522e-22,0,0,-3.95,-8.76,63.38,-13996,14775,13.05,-0.0,13.02,1.26,27,9,24.2,50.6,1017.5,0,0,0,0,moving,0.0
14.5808,2,0.30000007152557373,4.958333849144522e-22,0,0,-3.13,-7.77,67.31,-14578,15372,13.07,-0.0,13.07,1.41,26,8,24.2,50.6,1017.5,0,0,0,0,moving,0.0
14.5808,2,0.30000007152557373,4.958333849144522e-22,0,0,-1.67,-6.97,72.72,-15165,15973,13.08,-0.0,13.07,0.99,22,7,24.2,50.5,1017.4,0,0,0,0,moving,0.0
14.5809,2,0.30000007152557373,4.958333849144522e-22,0,0,-0.59,-7.75,78.84,-15747,16569,13.02,-0.0,13.0,1.49,23,5,24.2,50.6,1017.4,0,0,0,0,moving,0.0
14.5809,2,0.30000007152557373,4.958333849144522e-22,0,0,0.42,-7.05,85.1,-16335,17170,13.03,-0.0,13.06,0.9,20,9,24.2,50.6,1017.4,0,0,0,0,moving,0.0
14.5809,2,0.30000007152557373,4.958333849144522e-22,0,0,2.51,-5.62,91.25,-16924,17770,13.09,-0.0,13.01,1.04,16,5,24.2,50.6,1017.4,0,0,0,0,moving,0.0
14.581,2,0.30000007152557373,4.958333849144522e-22,0,0,-0.63,-5.77,96.94,-17508,18366,13.03,-0.0,13.02,1.26,15,5,24.2,50.6,1017.4,0,0,0,0,moving,0.0
14.581,2,0.30000007152557373,4.958333849144522e-22,0,0,-0.92,-5.9,102.01,-18100,18967,13.06,-0.0,13.03,1.18,22,6,24.2,50.6,1017.4,0,0,0,0,moving,0.0
14.581,2,0.30000007152557373,4.958333849144522e-22,0,0,-1.83,-7.25,106.37,-18691,19567,13.04,-0.0,13.05,1.18,19,9,24.2,50.6,1017.4,0,0,0,0,moving,0.0
14.581,2,0.30000007152557373,4.958333849144522e-22,0,0,-0.8,-7.09,109.98,-19276,20158,13.09,-0.0,13.07,1.01,19,4,24.2,50.6,1017.4,0,0,0,0,moving,0.0
14.5811,2,0.30000007152557373,4.958333849144522e-22,0,0,-0.37,-6.5,112.62,-19868,20751,13.04,-0.0,13.0,1.47,16,3,24.2,50.6,1017.4,0,0,0,0,moving,0.0
14.5811,2,0.30000007152557373,4.958333849144522e-22,0,0,-1.56,-4.95,114.43,-20462,21344,13.08,-0.0,13.07,0.95,15,4,24.2,50.6,1017.4,0,0,0,0,moving,0.0
14.5811,2,0.30000007152557373,4.958333849144522e-22,0,0,2.62,-8.51,114.87,-21047,21928,13.06,-0.0,12.98,1.08,16,4,24.2,50.5,1017.5,0,0,0,0,moving,0.0
14.5812,2,0.30000007152557373,4.958333849144522e-22,0,0,3.51,-6.03,115.03,-21639,22516,13.07,-0.0,13.01,1.55,11,10,24.2,50.6,1017.5,0,0,0,0,moving,0.0
14.5812,2,0.30000007152557373,4.958333849144522e-22,0,0,-1.29,-7.12,115.05,-22232,23106,13.03,-0.0,13.03,1.2,16,6,24.2,50.5,1017.5,0,0,0,0,moving,0.0
14.5812,2,0.30000007152557373,4.958333849144522e-22,0,0,-3.67,-7.91,115.42,-22817,23688,13.03,-0.0,13.03,1.26,26,10,24.2,50.6,1017.5,0,0,0,0,moving,0.0
14.5812,2,0.30000007152557373,4.958333849144522e-22,0,0,-0.3,-6.59,116.51,-23408,24275,13.08,-0.0,13.0,1.17,29,15,24.2,50.6,1017.4,0,0,0,0,moving,0.0
14.5813,2,0.30000007152557373,4.958333849144522e-22,0,0,-0.08,-9.8,118.64,-23998,24859,13.04,-0.0,13.01,1.44,23,13,24.2,50.6,1017.4,0,0,0,0,moving,0.0
14.5813,2,0.30000007152557373,4.958333849144522e-22,0,0,-2.21,-7.67,122.42,-24589,25444,13.06,-0.0,13.06,0.93,33,11,24.2,50.6,1017.4,0,0,0,0,moving,0.0
14.5813,2,0.30000007152557373,4.958333849144522e-22,0,0,-3.33,-8.93,127.0,-25181,26030,13.07,-0.0,12.99,1.59,27,9,24.2,50.6,1017.4,0,0,0,0,moving,0.0
14.5813,2,0.30000007152557373,4.958333849144522e-22,0,0,-0.19,-6.96,132.13,-25773,26614,13.03,-0.0,13.05,1.17,26,5,24.2,50.6,1017.4,0,0,0,0,moving,0.0
14.5814,2,0.30000007152557373,4.958333849144522e-22,0,0,2.62,-6.99,136.69,-26358,27192,13.02,-0.0,13.02,1.21,31,9,24.2,50.6,1017.4,0,0,0,0,moving,0.0
14.5814,2,0.30000007152557373,4.958333849144522e-22,0,0,1.33,-6.64,141.11,-26950,27779,13.08,-0.0,13.02,1.4,32,9,24.2,50.6,1017.4,0,0,0,0,moving,0.0
14.5814,2,0.30000007152557373,4.958333849144522e-22,0,0,-1.41,-8.03,145.96,-27542,28370,13.05,-0.0,13.02,1.23,37,10,24.2,50.6,1017.4,0,0,0,0,moving,0.0
14.5815,2,0.30000007152557373,4.958333849144522e-22,0,0,-0.57,-5.93,150.61,-28131,28959,13.05,-0.0,13.04,1.21,30,13,24.2,50.6,1017.4,0,0,0,0,moving,0.0
14.5815,2,0.30000007152557373,4.958333849144522e-22,0,0,1.88,-5.33,154.4,-28724,29552,13.07,-0.0,13.02,0.91,42,11,24.2,50.6,1017.4,0,0,0,0,moving,0.0
14.5815,2,0.30000007152557373,4.958333849144522e-22,0,0,2.93,-6.52,157.62,-29312,30140,13.09,-0.0,12.99,1.54,34,11,24.2,50.6,1017.4,0,0,0,0,moving,0.0
14.5815,2,0.30000007152557373,4.958333849144522e-22,0,0,-0.06,-7.47,160.65,-29902,30732,13.03,-0.0,13.05,0.99,40,11,24.2,50.6,1017.4,0,0,0,0,moving,0.0
14.5816,2,0.30000007152557373,4.958333849144522e-22,0,0,-1.83,-6.69,163.52,-30494,31323,13.07,-0.0,12.99,1.54,42,5,24.2,50.6,1017.4,0,0,0,0,moving,0.0
14.5816,2,0.30000007152557373,4.958333849144522e-22,0,0,0.68,-6.98,166.54,-31083,31909,13.05,-0.0,13.02,1.44,36,12,24.2,50.6,1017.4,0,0,0,0,moving,0.0
14.5816,2,0.30000007152557373,4.958333849144522e-22,0,0,1.01,-6.45,169.27,-31672,32497,13.07,-0.0,13.02,1.27,38,9,24.2,50.6,1017.4,0,0,0,0,moving,0.0
14.5817,2,0.30000007152557373,4.958333849144522e-22,0,0,1.89,-3.84,170.9,-32264,33086,13.04,-0.0,13.04,1.24,41,9,24.2,50.6,1017.4,0,0,0,0,moving,0.0
14.5817,2,0.30000007152557373,4.958333849144522e-22,0,0,2.47,-7.83,171.11,-32850,33666,13.07,-0.0,13.0,1.12,39,4,24.2,50.6,1017.4,0,0,0,0,moving,0.0
14.5817,2,0.30000007152557373,4.958333849144522e-22,0,0,-1.65,-5.93,171.27,-33442,34252,13.07,-0.0,12.99,1.54,40,8,24.2,50.5,1017.4,0,0,0,0,moving,0.0
14.5817,2,0.30000007152557373,4.958333849144522e-22,0,0,-2.25,-7.5,171.44,-34033,34837,13.05,-0.0,13.06,0.88,39,4,24.2,50.6,1017.4,0,0,0,0,moving,0.0
14.5818,2,0.30000007152557373,4.958333849144522e-22,0,0,0.21,-6.12,171.6,-34618,35415,13.05,-0.0,12.99,1.55,36,8,24.2,50.6,1017.4,0,0,0,0,moving,0.0
14.5818,2,0.30000007152557373,4.958333849144522e-22,0,0,-1.09,-5.16,171.76,-35210,36001,13.05,-0.0,13.02,1.59,36,3,24.2,50.6,1017.4,0,0,0,0,moving,0.0
14.5818,2,0.30000007152557373,4.958333849144522e-22,0,0,-0.08,-6.07,171.92,-35802,36588,13.09,-0.0,13.03,1.24,37,10,24.2,50.6,1017.4,0,0,0,0,moving,0.0
14.5818,2,0.30000007152557373,4.958333849144522e-22,0,0,-0.63,-7.09,172.08,-36388,37173,13.02,-0.0,13.04,1.27,33,4,24.2,50.6,1017.4,0,0,0,0,moving,0.0
14.5819,2,0.30000007152557373,4.958333849144522e-22,0,0,-2.11,-7.68,172.29,-36980,37764,13.08,-0.0,13.02,1.27,30,6,24.2,50.6,1017.4,0,0,0,0,moving,0.0
14.5819,2,0.30000007152557373,4.958333849144522e-22,0,0,1.54,-5.77,172.52,-37573,38355,13.05,-0.0,13.05,1.41,34,4,24.2,50.7,1017.4,0,0,0,0,moving,0.0
14.5819,2,0.30000007152557373,4.958333849144522e-22,0,0,-0.81,-6.56,173.09,-38159,38941,13.07,-0.0,13.06,0.98,31,4,24.2,50.6,1017.4,0,0,0,0,moving,0.0
14.582,2,0.30000007152557373,4.958333849144522e-22,0,0,-1.59,-6.83,174.57,-38752,39533,13.03,-0.0,12.98,1.57,36,10,24.2,50.7,1017.4,0,0,0,0,moving,0.0
14.582,2,0.30000007152557373,4.958333849144522e-22,0,0,-0.25,-5.47,177.29,-39344,40123,13.1,-0.0,13.06,0.96,39,11,24.2,50.6,1017.4,0,0,0,0,moving,0.0
14.582,2,0.30000007152557373,4.958333849144522e-22,0,0,0.41,-5.62,180.47,-39931,40709,13.07,-0.0,13.02,1.15,30,8,24.2,50.5,1017.4,0,0,0,0,moving,0.0
14.582,2,0.30000007152557373,4.958333849144522e-22,0,0,1.16,-7.35,182.99,-40523,41300,13.03,-0.0,13.02,1.48,33,1,24.2,50.7,1017.4,0,0,0,0,moving,0.0
14.5821,2,0.30000007152557373,4.958333849144522e-22,0,0,1.33,-6.19,185.3,-41116,41890,13.06,-0.0,13.02,1.28,38,7,24.2,50.7,1017.4,0,0,0,0,moving,0.0
14.5821,2,0.30000007152557373,4.958333849144522e-22,0,0,3.23,-5.8,188.19,-41703,42475,13.08,-0.0,13.05,1.42,32,10,24.2,50.6,1017.4,0,0,0,0,moving,0.0
14.5821,2,0.30000007152557373,4.958333849144522e-22,0,0,4.26,-7.47,189.86,-42295,43064,13.04,-0.0,13.06,1.09,39,4,24.2,50.6,1017.4,0,0,0,0,moving,0.0
14.5822,2,0.30000007152557373,4.958333849144522e-22,0,0,3.97,-7.66,189.56,-42887,43654,13.02,-0.0,12.99,1.56,34,4,24.2,50.6,1017.5,0,0,0,0,moving,0.0
14.5822,2,0.30000007152557373,4.958333849144522e-22,0,0,-2.61,-2.74,189.23,-43474,44235,13.08,-0.0,13.06,0.88,33,9,24.2,50.7,1017.5,0,0,0,0,moving,0.0
14.5822,2,0.30000007152557373,4.958333849144522e-22,0,0,-5.33,-8.18,189.34,-44066,44823,13.06,-0.0,13.0,0.97,28,10,24.2,50.6,1017.5,0,0,0,0,moving,0.0
14.5822,2,0.30000007152557373,4.958333849144522e-22,0,0,-2.24,-6.64,189.49,-44659,45413,13.04,-0.0,13.01,1.41,25,4,24.2,50.6,1017.5,0,0,0,0,moving,0.0
14.5823,2,0.30000007152557373,4.958333849144522e-22,0,0,2.69,-6.26,189.59,-45251,46002,13.04,-0.0,13.01,1.21,37,9,24.2,50.7,1017.4,0,0,0,0,moving,0.0
14.5823,2,0.30000007152557373,4.958333849144522e-22,0,0,-0.61,-6.6,189.72,-45843,46592,13.08,-0.0,13.03,1.28,32,6,24.2,50.7,1017.4,0,0,0,0,moving,0.0
14.5823,2,0.30000007152557373,4.958333849144522e-22,0,0,-1.94,-6.86,189.87,-46432,47177,13.03,-0.0,13.01,1.04,37,11,24.2,50.7,1017.4,0,0,0,0,moving,0.0
14.5823,2,0.30000007152557373,4.958333849144522e-22,0,0,-1.09,-6.05,190.01,-47023,47765,13.07,-0.0,12.99,1.54,35,11,24.2,50.7,1017.4,0,0,0,0,moving,0.0
14.5824,2,0.30000007152557373,4.958333849144522e-22,0,0,1.46,-6.56,190.07,-47616,48352,13.05,-0.0,13.06,0.94,34,4,24.2,50.6,1017.5,0,0,0,0,moving,0.0
14.5824,2,0.30000007152557373,4.958333849144522e-22,0,0,1.06,-6.03,189.25,-48206,48935,13.07,-0.0,12.98,1.59,32,6,24.2,50.6,1017.5,0,0,0,0,moving,0.0
14.5824,2,0.30000007152557373,4.958333849144522e-22,0,0,1.67,-5.8,186.16,-48796,49521,13.04,-0.0,13.04,1.39,33,9,24.2,50.7,1017.5,0,0,0,0,moving,0.0
14.5825,2,0.30000007152557373,4.958333849144522e-22,0,0,1.34,-4.82,182.42,-49389,50110,13.07,-0.0,13.03,1.28,33,7,24.2,50.7,1017.4,0,0,0,0,moving,0.0
14.5825,2,0.30000007152557373,4.958333849144522e-22,0,0,-1.49,-5.87,178.07,-49977,50693,13.07,-0.0,13.03,1.34,33,4,24.2,50.6,1017.5,0,0,0,0,moving,0.0
14.5825,2,0.30000007152557373,4.958333849144522e-22,0,0,-1.12,-7.99,173.6,-50569,51280,13.04,-0.0,13.01,1.3,35,9,24.2,50.7,1017.5,0,0,0,0,moving,0.0
14.5826,2,0.30000007152557373,4.958333849144522e-22,0,0,-0.7,-7.18,169.64,-51161,51866,13.04,-0.0,13.05,1.51,39,9,24.2,50.7,1017.5,0,0,0,0,moving,0.0
14.5826,2,0.30000007152557373,4.958333849144522e-22,0,0,1.13,-6.13,165.15,-51746,52446,13.08,-0.0,13.06,1.06,35,10,24.2,50.7,1017.5,0,0,0,0,moving,0.0
14.5826,2,0.30000007152557373,4.958333849144522e-22,0,0,2.41,-7.4,159.41,-52338,53031,13.09,-0.0,12.99,1.5,34,14,24.2,50.7,1017.4,0,0,0,0,moving,0.0
14.5826,2,0.30000007152557373,4.958333849144522e-22,0,0,-0.97,-6.71,153.12,-52929,53618,13.03,-0.0,13.04,1.0,30,6,24.2,50.7,1017.4,0,0,0,0,moving,0.0
14.5827,2,0.30000007152557373,4.958333849144522e-22,0,0,-3.62,-9.28,147.55,-53515,54202,13.07,-0.0,13.04,1.0,33,13,24.2,50.7,1017.4,0,0,0,0,moving,0.0
14.5827,2,0.30000007152557373,4.958333849144522e-22,0,0,-5.19,-9.84,143.28,-54108,54793,13.06,-0.0,13.02,1.47,35,14,24.2,50.7,1017.5,0,0,0,0,moving,0.0
14.5827,2,0.30000007152557373,4.958333849144522e-22,0,0,-4.1,-8.3,140.77,-54700,55384,13.05,-0.0,13.01,1.32,26,9,24.2,50.7,1017.4,0,0,0,0,moving,0.0
14.5827,2,0.30000007152557373,4.958333849144522e-22,0,0,-4.05,-7.77,140.04,-55287,55968,13.02,-0.0,13.04,1.46,31,13,24.2,50.7,1017.4,0,0,0,0,moving,0.0
14.5828,2,0.30000007152557373,4.958333849144522e-22,0,0,-2.16,-5.47,140.29,-55878,56557,13.09,-0.0,13.05,1.08,37,8,24.2,50.7,1017.4,0,0,0,0,moving,0.0
14.5828,2,0.30000007152557373,4.958333849144522e-22,0,0,3.66,-7.06,140.47,-56470,57144,13.03,-0.0,12.99,1.56,35,14,24.2,50.7,1017.4,0,0,0,0,moving,0.0
14.5828,2,0.30000007152557373,4.958333849144522e-22,0,0,-1.73,-6.41,140.66,-57057,57726,13.05,-0.0,13.06,1.53,36,15,24.2,50.6,1017.4,0,0,0,0,moving,0.0
14.5828,2,0.30000007152557373,4.958333849144522e-22,0,0,-3.36,-7.94,140.95,-230,239,13.05,-0.0,13.09,0.99,37,8,24.2,50.7,1017.4,0,0,0,0,moving,0.0
14.5829,2,0.30000007152557373,4.958333849144522e-22,0,0,-1.11,-6.24,142.17,-525,805,12.93,-0.0,12.84,2.79,36,7,24.2,50.7,1017.4,0,0,0,0,moving,0.0
14.5829,2,0.30000007152557373,4.958333849144522e-22,0,0,-1.58,-10.46,144.21,-341,1348,12.9,-0.0,12.9,2.07,29,11,24.2,50.7,1017.4,0,0,0,0,moving,0.0
14.5829,2,0.30000007152557373,4.958333849144522e-22,0,0,-3.72,-7.8,148.67,80,1880,13.07,-0.0,13.09,0.91,34,13,24.2,50.7,1017.4,0,0,0,0,moving,0.0
14.583,2,0.30000007152557373,4.958333849144522e-22,0,0,-4.25,-8.49,155.48,494,2405,13.14,-0.0,13.04,1.14,37,11,24.2,50.7,1017.4,0,0,0,0,moving,0.0
14.583,2,0.30000007152557373,4.958333849144522e-22,0,0,-1.28,-7.22,163.53,834,2913,13.07,-0.0,13.08,0.72,34,11,24.2,50.7,1017.4,0,0,0,0,moving,0.0
14.583,2,0.30000007152557373,4.958333849144522e-22,0,0,3.05,-7.4,172.27,1091,3411,13.11,-0.0,13.11,0.86,34,4,24.2,50.7,1017.4,0,0,0,0,moving,0.0
14.5831,2,0.30000007152557373,4.958333849144522e-22,0,0,2.81,-9.08,0.0,47,120,13.15,-0.0,13.14,0.4,34,8,24.2,50.7,1017.4,0,0,0,0,stop,0.0
14.5831,2,0.30000007152557373,4.958333849144522e-22,0,0,4.21,-4.23,0.0,40,108,13.15,-0.0,13.14,0.4,38,5,24.2,50.7,1017.5,0,0,0,0,stop,0.0
14.5831,2,0.30000007152557373,4.958333849144522e-22,0,0,6.41,-3.63,0.0,33,101,13.15,-0.0,13.14,0.4,40,6,24.2,50.7,1017.4,0,0,0,0,stop,0.0
14.5831,2,0.30000007152557373,4.958333849144522e-22,0,0,4.73,-5.78,0.0,25,86,13.14,-0.0,13.13,0.43,40,4,24.2,50.7,1017.4,0,0,0,0,stop,0.0
14.5832,idle,0.30000007152557373,4.958333849144522e-22,0,1,-2.89,-6.35,0.0,18,76,13.15,-0.0,13.14,0.49,36,11,24.2,50.7,1017.4,0,0,0,0,stop,0.0
14.5832,idle,0.30000007152557373,4.958333849144522e-22,0,0,-2.76,-7.14,0.0,12,69,13.15,-0.0,13.14,0.42,30,11,24.2,50.7,1017.4,0,0,0,0,stop,0.0
14.5832,idle,0.30000007152557373,4.958333849144522e-22,0,0,1.6,-6.1,0.0,5,57,13.15,-0.0,13.14,0.4,34,11,24.2,50.7,1017.5,0,0,0,0,stop,0.0
14.5832,idle,0.30000007152557373,4.958333849144522e-22,0,0,-0.54,-6.32,0.0,-1,47,13.15,-0.0,13.14,0.41,30,9,24.3,50.7,1017.4,0,0,0,0,stop,0.0
14.5833,idle,0.30000007152557373,4.958333849144522e-22,0,0,-1.34,-6.77,0.0,0,40,13.15,-0.0,13.14,0.4,32,4,24.2,50.7,1017.4,0,0,0,0,stop,0.0
14.5833,idle,0.30000007152557373,4.958333849144522e-22,0,0,0.06,-6.37,0.0,0,30,13.15,-0.0,13.14,0.41,32,11,24.2,50.7,1017.4,0,0,0,0,stop,0.0
14.5833,idle,0.30000007152557373,4.958333849144522e-22,0,0,-0.16,-6.4,0.0,0,22,13.15,-0.0,13.14,0.42,33,8,24.2,50.7,1017.4,0,0,0,0,stop,0.0
14.5834,idle,0.30000007152557373,4.958333849144522e-22,0,0,-0.74,-6.5,0.0,0,14,13.14,-0.0,13.13,0.45,30,10,24.3,50.7,1017.4,0,0,0,0,stop,0.0
14.5834,idle,0.30000007152557373,4.958333849144522e-22,0,0,-0.2,-6.53,0.0,0,6,13.16,-0.0,13.14,0.46,38,7,24.3,50.7,1017.4,0,0,0,0,stop,0.0
14.5834,idle,0.30000007152557373,4.958333849144522e-22,0,0,-0.33,-6.5,0.0,0,-1,13.16,-0.0,13.14,0.42,33,6,24.2,50.7,1017.4,0,0,0,0,stop,0.0
14.5834,idle,0.30000007152557373,4.958333849144522e-22,0,0,-0.5,-6.57,0.0,0,0,13.16,-0.0,13.14,0.4,40,4,24.2,50.7,1017.4,0,0,0,0,stop,0.0
14.5835,idle,0.30000007152557373,4.958333849144522e-22,0,0,-0.46,-6.45,0.0,0,0,13.16,-0.0,13.14,0.4,38,5,24.3,50.7,1017.4,0,0,0,0,stop,0.0
14.5835,idle,0.30000007152557373,4.958333849144522e-22,0,0,-0.53,-6.52,0.0,0,0,13.16,-0.0,13.14,0.4,36,8,24.3,50.7,1017.5,0,0,0,0,stop,0.0
14.5835,idle,0.30000007152557373,4.958333849144522e-22,0,0,-0.47,-6.4,0.0,0,0,13.16,-0.0,13.14,0.42,35,6,24.3,50.7,1017.4,0,0,0,0,stop,0.0
14.5836,idle,0.30000007152557373,4.958333849144522e-22,0,0,-0.38,-6.53,0.0,0,0,13.14,-0.0,13.14,0.42,33,10,24.3,50.7,1017.5,0,0,0,0,stop,0.0
14.5836,idle,0.30000007152557373,4.958333849144522e-22,0,0,-0.42,-6.53,0.0,0,0,13.14,-0.0,13.13,0.42,37,4,24.3,50.7,1017.5,0,0,0,0,stop,0.0
14.5836,idle,0.30000007152557373,4.958333849144522e-22,0,0,-0.44,-6.58,0.0,0,0,13.16,-0.0,13.14,0.4,36,4,24.3,50.7,1017.4,0,0,0,0,stop,0.0
14.5836,idle,0.30000007152557373,4.958333849144522e-22,0,0,-0.58,-6.56,0.0,0,0,13.16,-0.0,13.14,0.4,39,6,24.3,50.7,1017.5,0,0,0,0,stop,0.0
14.5837,idle,0.30000007152557373,4.958333849144522e-22,0,0,-0.44,-6.55,0.0,0,0,13.16,-0.0,13.14,0.4,35,6,24.3,50.7,1017.4,0,0,0,0,stop,0.0
14.5837,idle,0.30000007152557373,4.958333849144522e-22,0,0,-0.35,-6.55,0.0,0,0,13.16,-0.0,13.14,0.4,34,5,24.3,50.7,1017.5,0,0,0,0,stop,0.0
14.5837,idle,0.30000007152557373,4.958333849144522e-22,0,0,-0.66,-6.79,0.0,0,0,13.16,-0.0,13.14,0.4,37,11,24.3,50.7,1017.4,0,0,0,0,stop,0.0
14.5837,idle,0.30000007152557373,4.958333849144522e-22,0,0,-0.39,-6.43,0.0,0,0,13.15,-0.0,13.14,0.42,32,11,24.3,50.7,1017.5,0,0,0,0,stop,0.0
14.5838,idle,0.30000007152557373,4.958333849144522e-22,0,0,-0.47,-6.63,0.0,0,0,13.16,-0.0,13.14,0.4,34,9,24.3,50.7,1017.5,0,0,0,0,stop,0.0
14.5838,idle,0.30000007152557373,4.958333849144522e-22,0,0,-0.46,-6.59,0.0,0,0,13.14,-0.0,13.13,0.54,39,6,24.3,50.7,1017.4,0,0,0,0,stop,0.0
14.5838,idle,0.30000007152557373,4.958333849144522e-22,0,0,-0.5,-6.66,0.0,0,0,13.16,-0.0,13.14,0.49,38,5,24.3,50.6,1017.5,0,0,0,0,stop,0.0
14.5839,idle,0.30000007152557373,4.958333849144522e-22,0,0,-0.49,-6.67,0.0,0,0,13.16,-0.0,13.14,0.42,35,3,24.3,50.7,1017.5,0,0,0,0,stop,0.0
14.5839,idle,0.30000007152557373,4.958333849144522e-22,0,0,-0.49,-6.52,0.0,0,0,13.16,-0.0,13.14,0.4,40,5,24.3,50.7,1017.4,0,0,0,0,stop,0.0
14.5839,idle,0.30000007152557373,4.958333849144522e-22,0,0,-0.63,-6.42,0.0,0,0,13.16,-0.0,13.14,0.4,31,11,24.3,50.7,1017.4,0,0,0,0,stop,0.0
14.5839,idle,0.30000007152557373,4.958333849144522e-22,0,0,-0.41,-6.7,0.0,0,0,13.16,-0.0,13.14,0.4,32,11,24.3,50.8,1017.4,0,0,0,0,stop,0.0
14.584,idle,0.30000007152557373,4.958333849144522e-22,0,0,-0.5,-6.6,0.0,0,0,13.16,-0.0,13.14,0.4,32,13,24.3,50.7,1017.5,0,0,0,0,stop,0.0
14.584,idle,0.30000007152557373,4.958333849144522e-22,0,0,-0.46,-6.58,0.0,0,0,13.16,-0.0,13.14,0.41,40,8,24.3,50.7,1017.5,0,0,0,0,stop,0.0
14.584,idle,0.30000007152557373,4.958333849144522e-22,0,0,-0.61,-6.58,0.0,0,0,13.14,-0.0,13.14,0.43,34,4,24.3,50.7,1017.4,0,0,0,0,stop,0.0
14.5841,idle,0.30000007152557373,4.958333849144522e-22,0,0,-0.38,-6.64,0.0,0,0,13.16,-0.0,13.14,0.48,39,5,24.3,50.7,1017.4,0,0,0,0,stop,0.0
14.5841,idle,0.30000007152557373,4.958333849144522e-22,0,0,-0.66,-6.61,0.0,0,0,13.15,-0.0,13.14,0.41,37,4,24.3,50.7,1017.4,0,0,0,0,stop,0.0
14.5841,5,0.30000007152557373,4.3086148809590335e-22,0,0,-0.46,-6.47,0.0,0,0,13.16,-0.0,13.14,0.4,38,7,24.3,50.7,1017.4,0,0,0,0,stop,0.0
14.5841,5,0.30000007152557373,4.3086148809590335e-22,0,0,-0.61,-7.38,0.18,104,-109,12.57,-0.0,12.46,5.81,37,3,24.3,50.7,1017.5,0,0,0,0,moving,0.0
14.5842,5,0.30000007152557373,4.3086148809590335e-22,0,0,-0.71,-7.69,0.32,469,-476,12.83,-0.0,12.9,1.86,32,7,24.3,50.7,1017.4,0,0,0,0,moving,0.0
14.5842,5,0.30000007152557373,4.3086148809590335e-22,0,0,-0.72,-5.66,0.51,910,-924,13.05,-0.0,13.02,1.99,32,11,24.3,50.7,1017.4,0,0,0,0,moving,0.0
14.5842,5,0.30000007152557373,4.3086148809590335e-22,0,0,-0.99,-6.48,0.7,1375,-1395,13.06,-0.0,13.13,0.52,38,7,24.3,50.7,1017.4,0,0,0,0,moving,0.0
14.5842,5,0.30000007152557373,4.3086148809590335e-22,0,0,-2.06,-8.19,0.88,1845,-1872,12.95,-0.0,12.86,2.48,32,8,24.3,50.7,1017.4,0,0,0,0,moving,0.0
14.5843,5,0.30000007152557373,4.3086148809590335e-22,0,0,-0.54,-5.22,0.99,2309,-2342,12.92,-0.0,13.12,2.55,33,10,24.3,50.7,1017.4,0,0,0,0,moving,0.0
14.5843,5,0.30000007152557373,4.3086148809590335e-22,0,0,-0.28,-6.74,1.06,2780,-2818,13.15,-0.0,12.9,0.38,31,11,24.3,50.7,1017.5,0,0,0,0,moving,0.0
14.5843,5,0.30000007152557373,4.3086148809590335e-22,0,0,-0.76,-6.39,1.15,3250,-3294,13.0,-0.0,12.94,2.64,33,5,24.3,50.7,1017.4,0,0,0,0,moving,0.0
14.5844,5,0.30000007152557373,4.3086148809590335e-22,0,0,-0.51,-6.68,1.29,3715,-3765,13.05,-0.0,13.02,0.81,31,4,24.3,50.7,1017.4,0,0,0,0,moving,0.0
14.5844,5,0.30000007152557373,4.3086148809590335e-22,0,0,-0.02,-6.6,1.36,4183,-4240,12.95,-0.0,13.04,1.55,38,11,24.2,50.7,1017.4,0,0,0,0,moving,0.0
14.5844,5,0.30000007152557373,4.3086148809590335e-22,0,0,0.02,-6.33,1.26,4651,-4716,13.12,-0.0,12.94,0.58,32,4,24.3,50.7,1017.4,0,0,0,0,moving,0.0
14.5844,5,0.30000007152557373,4.3086148809590335e-22,0,0,-0.84,-6.75,0.73,5116,-5189,12.91,-0.0,12.88,2.16,30,13,24.3,50.7,1017.5,0,0,0,0,moving,0.0
14.5845,5,0.30000007152557373,4.3086148809590335e-22,0,0,-2.26,-5.46,-0.74,5585,-5666,13.13,-0.0,13.11,0.46,34,10,24.3,50.7,1017.4,0,0,0,0,moving,0.0
14.5845,5,0.30000007152557373,4.3086148809590335e-22,0,0,0.74,-5.11,-5.0,6054,-6143,13.07,-0.0,12.87,2.6,35,11,24.3,50.8,1017.4,0,0,0,0,moving,0.0
14.5845,5,0.30000007152557373,4.3086148809590335e-22,0,0,2.81,-7.88,-9.89,6523,-6622,13.08,-0.0,13.1,2.48,41,8,24.3,50.7,1017.5,0,0,0,0,moving,0.0
14.5846,5,0.30000007152557373,4.3086148809590335e-22,0,0,0.11,-5.88,-14.91,6991,-7101,12.96,-0.0,13.05,0.71,38,4,24.3,50.7,1017.4,0,0,0,0,moving,0.0
14.5846,5,0.30000007152557373,4.3086148809590335e-22,0,0,0.02,-7.53,-20.96,7459,-7581,13.16,-0.0,13.01,1.9,29,12,24.3,50.7,1017.5,0,0,0,0,moving,0.0
14.5846,5,0.30000007152557373,4.3086148809590335e-22,0,0,0.16,-8.38,-27.2,7924,-8055,12.91,-0.0,12.96,1.42,36,13,24.2,50.7,1017.5,0,0,0,0,moving,0.0
14.5846,5,0.30000007152557373,4.3086148809590335e-22,0,0,-1.19,-7.93,-32.99,8392,-8535,12.96,-0.0,13.06,2.17,35,6,24.3,50.7,1017.5,0,0,0,0,moving,0.0
14.5847,5,0.30000007152557373,4.3086148809590335e-22,0,0,-1.89,-8.26,-38.48,8862,-9016,13.05,-0.0,12.91,0.34,36,7,24.3,50.7,1017.4,0,0,0,0,moving,0.0
14.5847,5,0.30000007152557373,4.3086148809590335e-22,0,0,-1.08,-8.33,-43.32,9328,-9496,13.07,-0.0,12.85,2.7,26,17,24.3,50.8,1017.4,0,0,0,0,moving,0.0
14.5847,5,0.30000007152557373,4.3086148809590335e-22,0,0,-1.32,-7.29,-48.03,9797,-9976,12.94,-0.0,13.15,0.38,30,9,24.3,50.7,1017.4,0,0,0,0,moving,0.0
14.5847,5,0.30000007152557373,4.3086148809590335e-22,0,0,-1.23,-7.69,-52.37,10260,-10454,13.14,-0.0,12.89,2.29,30,13,24.3,50.7,1017.5,0,0,0,0,moving,0.0
14.5848,5,0.30000007152557373,4.3086148809590335e-22,0,0,-2.08,-10.22,-55.99,10727,-10935,13.14,-0.0,13.09,2.09,28,11,24.3,50.7,1017.5,0,0,0,0,moving,0.0
14.5848,5,0.30000007152557373,4.3086148809590335e-22,0,0,-1.69,-6.0,-60.02,11194,-11415,12.98,-0.0,12.99,1.15,25,13,24.3,50.7,1017.4,0,0,0,0,moving,0.0
14.5848,5,0.30000007152557373,4.3086148809590335e-22,0,0,-0.53,-8.8,0.0,121,-125,13.15,-0.0,13.13,0.4,24,7,24.3,50.7,1017.4,0,0,0,0,stop,0.0
14.5849,5,0.30000007152557373,4.3086148809590335e-22,0,0,-0.82,-6.72,0.0,110,-112,13.15,-0.0,13.13,0.41,22,10,24.3,50.7,1017.4,0,0,0,0,stop,0.0
14.5849,5,0.30000007152557373,4.3086148809590335e-22,0,0,-1.57,-5.97,0.0,100,-101,13.14,-0.0,13.13,0.43,22,6,24.3,50.7,1017.5,0,0,0,0,stop,0.0
14.5849,5,0.30000007152557373,4.3086148809590335e-22,0,0,-0.02,-7.7,0.0,86,-86,13.14,-0.0,13.12,0.42,24,13,24.3,50.7,1017.4,0,0,0,0,stop,0.0
14.5849,5,0.30000007152557373,4.3086148809590335e-22,0,0,-0.82,-7.32,-3.25,210,-182,12.75,-0.0,12.65,4.16,22,11,24.3,50.7,1017.4,0,0,0,0,moving,0.0
14.585,5,0.30000007152557373,4.3086148809590335e-22,0,0,-4.49,-8.17,-5.64,721,-288,13.02,-0.0,12.87,1.49,27,9,24.3,50.7,1017.5,0,0,0,0,moving,0.0
14.585,5,0.30000007152557373,4.3086148809590335e-22,0,0,-3.59,-8.67,-5.79,1318,-225,13.08,-0.0,12.93,1.93,22,8,24.3,50.7,1017.4,0,0,0,0,moving,0.0
14.585,5,0.30000007152557373,4.3086148809590335e-22,0,0,-0.93,-4.83,-5.55,1945,-73,13.04,-0.0,13.06,0.88,29,8,24.3,50.7,1017.5,0,0,0,0,moving,0.0
14.5851,5,0.30000007152557373,4.3086148809590335e-22,0,0,-0.64,-11.29,-5.35,2579,133,13.03,-0.0,12.98,1.61,27,10,24.3,50.7,1017.5,0,0,0,0,moving,0.0
14.5851,5,0.30000007152557373,4.3086148809590335e-22,0,0,-0.71,-4.04,-5.16,3191,373,13.16,-0.0,13.16,0.42,23,16,24.3,50.7,1017.5,0,0,0,0,moving,0.0
14.5851,5,0.30000007152557373,4.3086148809590335e-22,0,0,0.05,-7.46,0.0,93,73,13.14,-0.0,13.13,0.4,29,7,24.3,50.7,1017.5,0,0,0,0,stop,0.0
14.5851,5,0.30000007152557373,4.3086148809590335e-22,0,0,-1.03,-6.69,0.0,87,66,13.14,-0.0,13.13,0.42,27,9,24.3,50.7,1017.5,0,0,0,0,stop,0.0
14.5852,5,0.30000007152557373,4.3086148809590335e-22,0,0,-0.39,-6.59,0.0,75,55,13.15,-0.0,13.14,0.4,18,13,24.3,50.7,1017.5,0,0,0,0,stop,0.0
14.5852,idle,0.30000007152557373,4.3086148809590335e-22,0,0,-0.72,-6.83,0.0,66,45,13.15,-0.0,13.14,0.41,27,11,24.3,50.7,1017.5,0,0,0,0,stop,0.0
14.5852,idle,0.30000007152557373,4.3086148809590335e-22,0,1,-0.68,-6.88,0.0,60,40,13.15,-0.0,13.14,0.4,26,7,24.3,50.7,1017.5,0,0,0,0,stop,0.0
14.5852,idle,0.30000007152557373,4.3086148809590335e-22,0,0,-0.58,-6.74,0.0,51,30,13.15,-0.0,13.14,0.4,27,8,24.3,50.7,1017.5,0,0,0,0,stop,0.0
14.5853,idle,0.30000007152557373,4.3086148809590335e-22,0,0,-0.6,-6.79,0.0,43,23,13.15,-0.0,13.14,0.4,26,8,24.3,50.7,1017.5,0,0,0,0,stop,0.0
14.5853,idle,0.30000007152557373,4.3086148809590335e-22,0,0,-0.81,-6.76,0.0,36,16,13.15,-0.0,13.14,0.42,29,8,24.3,50.7,1017.5,0,0,0,0,stop,0.0
14.5853,idle,0.30000007152557373,4.3086148809590335e-22,0,0,-0.41,-6.81,0.0,27,10,13.14,-0.0,13.14,0.44,21,15,24.3,50.7,1017.5,0,0,0,0,stop,0.0
14.5854,idle,0.30000007152557373,4.3086148809590335e-22,0,0,-1.28,-6.4,0.0,22,3,13.14,-0.0,13.13,0.46,20,10,24.3,50.7,1017.5,0,0,0,0,stop,0.0
14.5854,idle,0.30000007152557373,4.3086148809590335e-22,0,0,0.02,-6.77,0.0,16,0,13.15,-0.0,13.14,0.4,28,8,24.3,50.7,1017.5,0,0,0,0,stop,0.0
14.5854,idle,0.30000007152557373,4.3086148809590335e-22,0,0,-0.24,-6.86,0.0,9,0,13.15,-0.0,13.14,0.42,29,7,24.3,50.7,1017.5,0,0,0,0,stop,0.0
14.5854,idle,0.30000007152557373,4.3086148809590335e-22,0,0,-0.9,-6.73,0.0,3,0,13.15,-0.0,13.14,0.4,22,14,24.3,50.7,1017.5,0,0,0,0,stop,0.0
14.5855,idle,0.30000007152557373,4.3086148809590335e-22,0,0,-0.02,-6.82,0.0,-1,0,13.15,-0.0,13.14,0.42,22,13,24.3,50.7,1017.5,0,0,0,0,stop,0.0
14.5855,idle,0.30000007152557373,4.3086148809590335e-22,0,0,-0.73,-6.72,0.0,0,0,13.15,-0.0,13.14,0.4,28,8,24.3,50.7,1017.4,0,0,0,0,stop,0.0
14.5855,idle,0.30000007152557373,4.3086148809590335e-22,0,0,-0.38,-6.71,0.0,0,0,13.15,-0.0,13.14,0.39,22,14,24.3,50.7,1017.5,0,0,0,0,stop,0.0
14.5856,idle,0.30000007152557373,4.3086148809590335e-22,0,0,-0.47,-6.77,0.0,0,0,13.15,-0.0,13.14,0.4,28,11,24.3,50.7,1017.5,0,0,0,0,stop,0.0
14.5856,idle,0.30000007152557373,4.3086148809590335e-22,0,0,-0.64,-6.72,0.0,0,0,13.15,-0.0,13.11,0.54,21,13,24.3,50.7,1017.4,0,0,0,0,stop,0.0
14.5856,idle,0.30000007152557373,4.3086148809590335e-22,0,0,-0.27,-6.72,0.0,0,0,13.15,-0.0,13.13,0.48,27,8,24.3,50.7,1017.5,0,0,0,0,stop,0.0
14.5856,idle,0.30000007152557373,4.3086148809590335e-22,0,0,-0.98,-6.92,0.0,0,0,13.15,-0.0,13.14,0.42,23,10,24.3,50.7,1017.5,0,0,0,0,stop,0.0
14.5857,idle,0.30000007152557373,4.3086148809590335e-22,0,0,-0.52,-6.5,0.0,0,0,13.16,-0.0,13.14,0.4,29,11,24.3,50.6,1017.5,0,0,0,0,stop,0.0
14.5857,idle,0.30000007152557373,4.3086148809590335e-22,0,0,-0.28,-6.44,0.0,0,0,13.15,-0.0,13.14,0.4,26,7,24.3,50.6,1017.5,0,0,0,0,stop,0.0
14.5857,idle,0.30000007152557373,4.3086148809590335e-22,0,0,-0.61,-6.83,0.0,0,0,13.15,-0.0,13.14,0.39,24,8,24.3,50.7,1017.4,0,0,0,0,stop,0.0
14.5857,idle,0.30000007152557373,4.3086148809590335e-22,0,0,-0.35,-6.92,0.0,0,0,13.15,-0.0,13.14,0.43,22,14,24.3,50.7,1017.5,0,0,0,0,stop,0.0
14.5858,idle,0.30000007152557373,4.3086148809590335e-22,0,0,-0.31,-6.41,0.0,0,0,13.14,-0.0,13.14,0.44,27,9,24.3,50.6,1017.4,0,0,0,0,stop,0.0
14.5858,idle,0.30000007152557373,4.3086148809590335e-22,0,0,-1.19,-6.6,0.0,0,0,13.14,-0.0,13.13,0.46,22,11,24.3,50.7,1017.5,0,0,0,0,stop,0.0
14.5858,idle,0.30000007152557373,4.3086148809590335e-22,0,0,-0.83,-6.93,0.0,0,0,13.16,-0.0,13.14,0.4,28,8,24.3,50.6,1017.4,0,0,0,0,stop,0.0
14.5859,idle,0.30000007152557373,4.3086148809590335e-22,0,0,0.31,-6.61,0.0,0,0,13.16,-0.0,13.14,0.43,23,11,24.3,50.7,1017.4,0,0,0,0,stop,0.0
14.5859,idle,0.30000007152557373,4.3086148809590335e-22,0,0,-0.88,-7.0,0.0,0,0,13.16,-0.0,13.14,0.4,23,12,24.3,50.7,1017.5,0,0,0,0,stop,0.0
14.5859,idle,0.30000007152557373,4.3086148809590335e-22,1,0,-0.71,-6.46,0.0,0,0,13.15,-0.0,13.14,0.39,22,14,24.3,50.7,1017.4,0,0,0,0,stop,0.0
14.5859,5,0.3000001013278961,3.8053425755736706e-22,0,0,-0.22,-6.65,0.0,0,0,13.15,-0.0,13.14,0.41,25,6,24.3,50.7,1017.5,0,0,0,0,stop,0.0
14.586,5,0.3000001013278961,3.8053425755736706e-22,0,0,-0.69,-7.89,0.17,109,-114,12.8,-0.0,12.47,5.31,26,13,24.3,50.7,1017.5,0,0,0,0,moving,0.0
14.586,5,0.3000001013278961,3.8053425755736706e-22,0,0,-0.37,-7.12,0.29,475,-483,12.79,-0.0,13.05,3.57,24,10,24.3,50.7,1017.5,0,0,0,0,moving,0.0
14.586,5,0.3000001013278961,3.8053425755736706e-22,0,0,-1.16,-6.56,0.46,918,-938,13.1,-0.0,13.06,0.59,29,8,24.3,50.7,1017.5,0,0,0,0,moving,0.0
14.5861,5,0.3000001013278961,3.8053425755736706e-22,0,0,-0.03,-6.6,0.68,1374,-1406,13.0,-0.0,12.97,1.91,26,12,24.3,50.7,1017.5,0,0,0,0,moving,0.0
14.5861,5,0.3000001013278961,3.8053425755736706e-22,0,0,-1.71,-8.66,0.86,1839,-1884,13.05,-0.0,13.01,1.17,26,13,24.3,50.7,1017.5,0,0,0,0,moving,0.0
14.5861,5,0.3000001013278961,3.8053425755736706e-22,0,0,-0.96,-4.7,1.08,2306,-2363,12.93,-0.0,13.05,1.93,25,9,24.3,50.7,1017.5,0,0,0,0,moving,0.0
14.5861,5,0.3000001013278961,3.8053425755736706e-22,0,0,-0.82,-8.13,1.28,2772,-2842,13.14,-0.0,12.93,0.45,26,15,24.3,50.7,1017.5,0,0,0,0,moving,0.0
14.5862,5,0.3000001013278961,3.8053425755736706e-22,0,0,-0.12,-6.28,1.48,3237,-3321,12.94,-0.0,12.88,2.46,22,12,24.3,50.6,1017.5,0,0,0,0,moving,0.0
14.5862,5,0.3000001013278961,3.8053425755736706e-22,0,0,-0.66,-6.69,1.7,3704,-3802,13.09,-0.0,13.15,0.25,23,13,24.3,50.7,1017.5,0,0,0,0,moving,0.0
14.5862,5,0.3000001013278961,3.8053425755736706e-22,0,0,-0.2,-7.12,1.9,4164,-4276,12.99,-0.0,12.89,0.18,29,11,24.3,50.6,1017.5,0,0,0,0,moving,0.0
14.5862,5,0.3000001013278961,3.8053425755736706e-22,0,0,-0.57,-6.74,2.09,4630,-4756,13.1,-0.0,13.11,2.48,29,7,24.3,50.7,1017.5,0,0,0,0,moving,0.0
14.5863,5,0.3000001013278961,3.8053425755736706e-22,0,0,0.19,-6.46,2.26,5097,-5236,12.92,-0.0,13.04,0.73,23,7,24.3,50.7,1017.5,0,0,0,0,moving,0.0
14.5863,5,0.3000001013278961,3.8053425755736706e-22,0,0,0.02,-6.05,2.41,5563,-5716,13.14,-0.0,13.02,1.69,32,11,24.3,50.6,1017.5,0,0,0,0,moving,0.0
14.5863,5,0.3000001013278961,3.8053425755736706e-22,0,0,-0.22,-7.56,2.53,6031,-6197,12.95,-0.0,12.94,1.6,25,6,24.3,50.7,1017.5,0,0,0,0,moving,0.0
14.5864,5,0.3000001013278961,3.8053425755736706e-22,0,0,-1.96,-9.56,2.14,6494,-6674,13.0,-0.0,13.07,2.24,30,7,24.3,50.7,1017.5,0,0,0,0,moving,0.0
14.5864,5,0.3000001013278961,3.8053425755736706e-22,0,0,-0.56,-4.5,1.16,6960,-7154,12.99,-0.0,13.14,0.38,29,7,24.3,50.7,1017.5,0,0,0,0,moving,0.0
14.5864,5,0.3000001013278961,3.8053425755736706e-22,0,0,-0.5,-6.56,0.74,7427,-7635,13.1,-0.0,12.84,2.43,21,17,24.3,50.7,1017.5,0,0,0,0,moving,0.0
14.5864,5,0.3000001013278961,3.8053425755736706e-22,0,0,-1.5,-6.28,0.8,7888,-8112,12.91,-0.0,13.12,0.53,22,9,24.3,50.7,1017.4,0,0,0,0,moving,0.0
14.5865,5,0.3000001013278961,3.8053425755736706e-22,0,0,-5.72,-7.03,0.96,8354,-8592,12.94,-0.0,12.88,0.6,29,9,24.3,50.7,1017.5,0,0,0,0,moving,0.0
14.5865,5,0.3000001013278961,3.8053425755736706e-22,0,0,-3.07,-6.61,1.15,8819,-9073,13.1,-0.0,12.95,1.99,24,10,24.3,50.7,1017.5,0,0,0,0,moving,0.0
14.5865,5,0.3000001013278961,3.8053425755736706e-22,0,0,4.37,-6.81,1.34,9280,-9547,13.0,-0.0,12.99,1.24,29,10,24.3,50.8,1017.5,0,0,0,0,moving,0.0
14.5866,5,0.3000001013278961,3.8053425755736706e-22,0,0,-0.13,-5.16,1.51,9747,-10027,12.99,-0.0,13.07,0.94,25,9,24.3,50.7,1017.5,0,0,0,0,moving,0.0
14.5866,5,0.3000001013278961,3.8053425755736706e-22,0,0,-0.66,-7.11,1.62,10212,-10506,13.14,-0.0,12.89,0.58,22,14,24.3,50.7,1017.5,0,0,0,0,moving,0.0
14.5866,5,0.3000001013278961,3.8053425755736706e-22,0,0,-0.19,-7.02,1.75,10673,-10980,13.13,-0.0,12.86,2.27,20,14,24.3,50.7,1017.5,0,0,0,0,moving,0.0
14.5866,5,0.3000001013278961,3.8053425755736706e-22,0,0,-1.44,-7.04,1.6,11138,-11460,12.93,-0.0,13.13,0.31,28,7,24.3,50.7,1017.4,0,0,0,0,moving,0.0
14.5867,5,0.3000001013278961,3.8053425755736706e-22,0,0,-0.49,-4.87,0.6,11603,-11939,13.08,-0.0,12.84,2.82,29,12,24.3,50.7,1017.5,0,0,0,0,moving,0.0
14.5867,5,0.3000001013278961,3.8053425755736706e-22,0,0,-1.81,-4.65,-1.68,12064,-12414,12.98,-0.0,12.92,2.1,27,8,24.3,50.7,1017.5,0,0,0,0,moving,0.0
14.5867,5,0.3000001013278961,3.8053425755736706e-22,0,0,-1.77,-7.03,-4.82,12530,-12894,13.14,-0.0,13.01,1.14,24,10,24.3,50.7,1017.5,0,0,0,0,moving,0.0
14.5867,5,0.3000001013278961,3.8053425755736706e-22,0,0,-0.76,-7.07,-8.07,12997,-13374,12.93,-0.0,13.01,1.47,29,13,24.3,50.7,1017.5,0,0,0,0,moving,0.0
14.5868,5,0.3000001013278961,3.8053425755736706e-22,0,0,0.39,-6.46,-11.21,13459,-13850,13.15,-0.0,12.93,0.46,22,16,24.3,50.7,1017.5,0,0,0,0,moving,0.0
14.5868,5,0.3000001013278961,3.8053425755736706e-22,0,0,-0.75,-6.93,-14.21,13926,-14331,13.1,-0.0,12.88,2.3,26,8,24.3,50.7,1017.4,0,0,0,0,moving,0.0
14.5868,5,0.3000001013278961,3.8053425755736706e-22,0,0,-1.99,-7.04,-17.57,14392,-14812,13.03,-0.0,13.14,0.45,28,8,24.3,50.7,1017.5,0,0,0,0,moving,0.0
14.5869,5,0.3000001013278961,3.8053425755736706e-22,0,0,-2.01,-6.47,-21.07,14854,-15288,12.99,-0.0,12.85,0.48,23,14,24.3,50.7,1017.5,0,0,0,0,moving,0.0
14.5869,5,0.3000001013278961,3.8053425755736706e-22,0,0,-2.06,-12.42,-24.61,15322,-15770,13.12,-0.0,13.07,2.55,28,6,24.3,50.7,1017.5,0,0,0,0,moving,0.0
14.5869,5,0.3000001013278961,3.8053425755736706e-22,0,0,-3.2,-3.13,-28.18,15787,-16252,12.94,-0.0,13.04,0.92,22,4,24.3,50.7,1017.5,0,0,0,0,moving,0.0
14.5869,5,0.3000001013278961,3.8053425755736706e-22,0,0,-6.25,-2.25,-34.25,16248,-16728,12.93,-0.0,12.99,1.72,24,11,24.3,50.7,1017.5,0,0,0,0,moving,0.0
14.587,5,0.3000001013278961,3.8053425755736706e-22,0,0,1.47,-14.65,-39.35,16714,-17209,13.07,-0.0,12.94,1.54,21,7,24.3,50.7,1017.5,0,0,0,0,moving,0.0
14.587,5,0.3000001013278961,3.8053425755736706e-22,0,0,1.35,-6.14,-41.68,17179,-17691,13.04,-0.0,13.1,2.17,25,6,24.3,50.7,1017.5,0,0,0,0,moving,0.0
14.587,5,0.3000001013278961,3.8053425755736706e-22,0,0,0.06,-3.14,-44.65,17640,-18167,13.12,-0.0,13.12,0.24,20,8,24.3,50.7,1017.5,0,0,0,0,moving,0.0
14.5871,5,0.3000001013278961,3.8053425755736706e-22,0,0,-1.63,-8.04,-48.68,18106,-18649,12.92,-0.0,12.86,2.58,25,3,24.3,50.7,1017.4,0,0,0,0,moving,0.0
14.5871,5,0.3000001013278961,3.8053425755736706e-22,0,0,-0.59,-5.73,-52.71,18574,-19130,13.13,-0.0,13.13,0.57,24,2,24.3,50.7,1017.4,0,0,0,0,moving,0.0
14.5871,5,0.3000001013278961,3.8053425755736706e-22,0,0,-0.21,-7.09,-56.92,19040,-19610,12.94,-0.0,12.87,0.57,16,9,24.3,50.7,1017.5,0,0,0,0,moving,0.0
14.5871,5,0.3000001013278961,3.8053425755736706e-22,0,0,-1.29,-8.17,0.0,130,-136,13.13,-0.0,13.12,0.44,14,5,24.3,50.7,1017.5,0,0,0,0,stop,0.0
14.5872,5,0.3000001013278961,3.8053425755736706e-22,0,0,-1.77,-9.88,0.0,115,-120,13.14,-0.0,13.13,0.42,25,5,24.3,50.7,1017.5,0,0,0,0,stop,0.0
14.5872,5,0.3000001013278961,3.8053425755736706e-22,0,0,-2.13,-5.29,0.0,104,-109,13.15,-0.0,13.13,0.41,20,1,24.3,50.6,1017.5,0,0,0,0,stop,0.0
14.5872,5,0.3000001013278961,3.8053425755736706e-22,0,0,-1.56,-7.5,0.0,98,-102,13.14,-0.0,13.13,0.41,16,2,24.3,50.7,1017.5,0,0,0,0,stop,0.0
14.5873,5,0.3000001013278961,3.8053425755736706e-22,0,0,-2.95,-7.55,-0.68,346,-179,12.94,-0.0,12.84,2.73,19,8,24.3,50.7,1017.5,0,0,0,0,moving,0.0
14.5873,5,0.3000001013278961,3.8053425755736706e-22,0,0,-5.54,-6.75,-0.53,924,-218,12.95,-0.0,12.93,1.81,23,3,24.3,50.7,1017.5,0,0,0,0,moving,0.0
14.5873,5,0.3000001013278961,3.8053425755736706e-22,0,0,-3.73,-6.23,-0.36,1542,-120,13.07,-0.0,13.05,1.83,17,8,24.3,50.7,1017.5,0,0,0,0,moving,0.0
14.5873,5,0.3000001013278961,3.8053425755736706e-22,0,0,3.44,-7.95,-0.13,2164,55,13.04,-0.0,13.05,1.0,22,1,24.3,50.8,1017.5,0,0,0,0,moving,0.0
14.5874,5,0.3000001013278961,3.8053425755736706e-22,0,0,3.7,-6.33,0.11,2797,280,13.07,-0.0,12.98,1.53,17,2,24.3,50.7,1017.5,0,0,0,0,moving,0.0
14.5874,5,0.3000001013278961,3.8053425755736706e-22,0,0,-2.37,-6.46,0.37,3322,543,13.13,-0.0,13.14,0.05,24,7,24.3,50.7,1017.5,0,0,0,0,moving,0.0
14.5874,5,0.3000001013278961,3.8053425755736706e-22,0,0,-3.76,-8.05,0.0,80,79,13.15,-0.0,13.13,0.41,18,9,24.3,50.8,1017.5,0,0,0,0,stop,0.0
14.5874,5,0.3000001013278961,3.8053425755736706e-22,0,0,2.29,-5.62,0.0,72,70,13.15,-0.0,13.13,0.41,19,6,24.3,50.7,1017.5,0,0,0,0,stop,0.0
14.5875,5,0.3000001013278961,3.8053425755736706e-22,0,0,0.87,-7.15,0.0,66,63,13.15,-0.0,13.13,0.41,17,5,24.3,50.7,1017.5,0,0,0,0,stop,0.0
14.5875,idle,0.3000001013278961,3.8053425755736706e-22,0,0,-2.32,-6.11,0.0,55,53,13.15,-0.0,13.13,0.41,19,3,24.3,50.7,1017.5,0,0,0,0,stop,0.0
14.5875,idle,0.3000001013278961,3.8053425755736706e-22,0,1,0.39,-6.42,0.0,48,45,13.15,-0.0,13.13,0.41,19,7,24.3,50.7,1017.5,0,0,0,0,stop,0.0
14.5875,idle,0.3000001013278961,3.8053425755736706e-22,0,0,0.49,-7.49,0.0,41,39,13.14,-0.0,13.13,0.42,17,9,24.3,50.7,1017.5,0,0,0,0,stop,0.0
14.5876,idle,0.3000001013278961,3.8053425755736706e-22,0,0,-1.17,-5.99,0.0,32,31,13.13,-0.0,13.13,0.42,20,11,24.3,50.7,1017.5,0,0,0,0,stop,0.0
14.5876,idle,0.3000001013278961,3.8053425755736706e-22,0,0,0.28,-6.46,0.0,26,24,13.13,-0.0,13.12,0.49,23,3,24.3,50.7,1017.5,0,0,0,0,stop,0.0
14.5876,idle,0.3000001013278961,3.8053425755736706e-22,0,0,-0.03,-6.68,0.0,20,18,13.15,-0.0,13.13,0.41,21,2,24.3,50.7,1017.5,0,0,0,0,stop,0.0
14.5877,idle,0.3000001013278961,3.8053425755736706e-22,0,0,-0.61,-6.34,0.0,12,11,13.15,-0.0,13.13,0.43,24,4,24.3,50.7,1017.5,0,0,0,0,stop,0.0
14.5877,idle,0.3000001013278961,3.8053425755736706e-22,0,0,0.19,-6.66,0.0,7,5,13.15,-0.0,13.13,0.41,20,4,24.3,50.7,1017.5,0,0,0,0,stop,0.0
14.5877,idle,0.3000001013278961,3.8053425755736706e-22,0,0,-0.5,-6.63,0.0,2,2,13.15,-0.0,13.13,0.43,20,6,24.3,50.7,1017.5,0,0,0,0,stop,0.0
14.5877,idle,0.3000001013278961,3.8053425755736706e-22,0,0,-0.09,-6.47,0.0,0,0,13.15,-0.0,13.13,0.41,16,9,24.3,50.7,1017.5,0,0,0,0,stop,0.0
14.5878,idle,0.3000001013278961,3.8053425755736706e-22,0,0,-0.06,-6.56,0.0,0,0,13.15,-0.0,13.13,0.41,22,4,24.3,50.7,1017.5,0,0,0,0,stop,0.0
14.5878,idle,0.3000001013278961,3.8053425755736706e-22,0,0,-0.44,-6.56,0.0,0,0,13.14,-0.0,13.13,0.42,18,11,24.3,50.7,1017.5,0,0,0,0,stop,0.0
14.5878,idle,0.3000001013278961,3.8053425755736706e-22,0,0,0.03,-6.54,0.0,0,0,13.13,-0.0,13.13,0.49,21,1,24.3,50.7,1017.5,0,0,0,0,stop,0.0
14.5879,idle,0.3000001013278961,3.8053425755736706e-22,0,0,-0.28,-6.56,0.0,0,0,13.15,-0.0,13.13,0.49,21,4,24.3,50.8,1017.5,0,0,0,0,stop,0.0
14.5879,idle,0.3000001013278961,3.8053425755736706e-22,0,0,-0.17,-6.77,0.0,0,0,13.15,-0.0,13.13,0.42,17,11,24.3,50.7,1017.5,0,0,0,0,stop,0.0
14.5879,idle,0.3000001013278961,3.8053425755736706e-22,0,0,-0.13,-6.52,0.0,0,0,13.15,-0.0,13.13,0.41,25,6,24.3,50.7,1017.5,0,0,0,0,stop,0.0
14.5879,idle,0.3000001013278961,3.8053425755736706e-22,0,0,-0.28,-6.56,0.0,0,0,13.15,-0.0,13.13,0.43,21,4,24.3,50.7,1017.5,0,0,0,0,stop,0.0
14.588,idle,0.3000001013278961,3.8053425755736706e-22,0,0,0.06,-6.61,0.0,0,0,13.15,-0.0,13.13,0.41,21,12,24.3,50.7,1017.5,0,0,0,0,stop,0.0
14.588,idle,0.3000001013278961,3.8053425755736706e-22,0,0,-0.09,-6.51,0.0,0,0,13.15,-0.0,13.13,0.42,23,10,24.3,50.7,1017.5,0,0,0,0,stop,0.0
14.588,idle,0.3000001013278961,3.8053425755736706e-22,0,0,-0.2,-6.43,0.0,0,0,13.14,-0.0,13.13,0.41,20,12,24.3,50.7,1017.5,0,0,0,0,stop,0.0
